state,agency,county,model,signed
Alabama,Anniston Police Department,Calhoun County,TFM,2026-07-10
Alabama,Autauga County Sheriff's Office,Autauga County,JEM,2025-09-22
Alabama,Autauga County Sheriff's Office,Autauga County,TFM,2025-09-22
Alabama,Autauga County Sheriff's Office,Autauga County,WSO,2025-09-22
Alabama,Baldwin County Sheriff's Office,Baldwin County,TFM,2025-10-17
Alabama,Blount County Sheriff's Office,Blount County,TFM,2026-01-26
Alabama,Brookside Police Department,Jefferson County,TFM,2026-06-14
Alabama,Calhoun County Sheriff's Office,Calhoun County,TFM,2026-07-20
Alabama,Camp Hill Police Department,Tallapoosa County,TFM,2025-12-08
Alabama,Cedar Bluff Police Department,Cherokee County,TFM,2026-04-29
Alabama,Chambers County Sheriff's Office,Chambers County,TFM,2026-07-20
Alabama,Cherokee County Sheriff's Office,Cherokee County,JEM,2026-06-29
Alabama,Cherokee County Sheriff's Office,Cherokee County,TFM,2026-02-10
Alabama,Cherokee County Sheriff's Office,Cherokee County,WSO,2025-06-25
Alabama,Cherokee Police Department,Cherokee County,TFM,2026-02-14
Alabama,Clarke County Sheriff's Office,Clarke County,TFM,2026-01-30
Alabama,Clayton Police Department,Barbour County,TFM,2026-06-14
Alabama,Colbert County Sheriff's Office,Colbert County,JEM,2025-05-08
Alabama,Colbert County Sheriff's Office,Colbert County,TFM,2025-07-02
Alabama,Colbert County Sheriff's Office,Colbert County,WSO,2025-05-08
Alabama,Cottonwood Police Department,Houston County,TFM,2026-07-13
Alabama,Courtland Police Department,Lawrence County,TFM,2026-03-13
Alabama,Crenshaw County Sheriff's Office,Crenshaw County,WSO,2025-04-16
Alabama,DeKalb County Sheriff's Office,DeKalb County,TFM,2025-12-08
Alabama,Demopolis Police Department,Marengo County,TFM,2026-01-26
Alabama,Eclectic Police Department,Elmore County,TFM,2026-05-21
Alabama,Elberta Police Department,Baldwin County,TFM,2025-11-14
Alabama,Elmore County Sheriff's Office,Elmore County,JEM,2025-03-17
Alabama,Etowah County Sheriff's Office,Etowah County,JEM,2020-06-09
Alabama,Etowah County Sheriff's Office,Etowah County,TFM,2025-12-08
Alabama,Florala Police Department,Covington County,TFM,2026-02-23
Alabama,Foley Police Department,Baldwin County,TFM,2026-03-25
Alabama,Franklin County Sheriff's Office,Frankin County,JEM,2025-06-11
Alabama,Franklin County Sheriff's Office,Franklin County,TFM,2025-11-06
Alabama,Franklin County Sheriff's Office,Franklin County,WSO,2025-03-26
Alabama,Gordo Police Department,Pickens County,TFM,2026-07-09
Alabama,Grove Hill Police Department,Clarke County,TFM,2026-07-02
Alabama,Hale County Sheriff's Office,Hale County,TFM,2026-03-31
Alabama,Henry County Sheriff's Office,Henry County,JEM,2025-03-17
Alabama,Henry County Sheriff's Office,Henry County,TFM,2025-12-11
Alabama,Jackson Police Department,Clarke County,TFM,2026-01-07
Alabama,Jackson's Gap Police Department,Tallapoosa County,TFM,2026-01-26
Alabama,Lanett Police Department,Chambers County,TFM,2025-09-22
Alabama,Lauderdale County Sheriff's Office,Lauderdale County,JEM,2025-06-12
Alabama,Lauderdale County Sheriff's Office,Lauderdale County,TFM,2025-10-17
Alabama,Lauderdale County Sheriff's Office,Lauderdale County,WSO,2025-06-12
Alabama,Lawrence County Sheriff's Office,Lawrence County,TFM,2025-06-18
Alabama,Lawrence County Sheriff's Office,Lawrence County,WSO,2025-06-30
Alabama,Leighton Police Department,Colbert County,TFM,2026-06-16
Alabama,Leesburg Police Department,Cherokee County,TFM,2026-04-07
Alabama,Level Plains Police Department,#N/A,TFM,2025-06-18
Alabama,Limestone County Sheriff's Office,Limestone County,TFM,2025-06-11
Alabama,Limestone County Sheriff's Office,Limestone County,WSO,2025-05-22
Alabama,Littleville Police Department,Colbert County,TFM,2026-02-10
Alabama,Lockhart Police Department,Covington County,TFM,2026-04-27
Alabama,Louisville Police Department,Barbour County,TFM,2026-07-13
Alabama,Loxley Police Department,Baldwin County,TFM,2026-01-07
Alabama,Margaret Police Department,St. Clair County,TFM,2025-12-17
Alabama,Marion County Sheriff's Office,Marion County,JEM,2025-07-23
Alabama,Marion County Sheriff's Office,Marion County,TFM,2025-06-12
Alabama,Marion County Sheriff's Office,Marion County,WSO,2025-07-23
Alabama,Marshall County Sheriff's Office,Marshall County,JEM,2025-09-22
Alabama,Mobile County Sheriff's Office,Mobile County,TFM,2025-07-23
Alabama,Monroe County Sheriff's Office,Monroe County,TFM,2025-11-04
Alabama,Ohatchee Police Department,Calhoun County,TFM,2026-06-03
Alabama,Piedmont Police Department,Calhoun County,TFM,2026-04-20
Alabama,Pine Hill Police Department,Wilcox County,TFM,2026-07-02
Alabama,Reform Police Department,Pickens County,TFM,2026-06-29
Alabama,Robertsdale Police Department,Baldwin County,TFM,2025-12-17
Alabama,Silverhill Police Department,Baldwin County,TFM,2025-10-17
Alabama,Southside Police Department,Etowah County,TFM,2026-01-08
Alabama,Summerdale Police Department,Baldwin County,TFM,2025-12-10
Alabama,Thomasville Police Department,Clarke County,TFM,2026-02-25
Alabama,Washington County Sheriff's Office,Washington County,TFM,2025-10-17
Alaska,Alaska Department of Corrections,#N/A,WSO,2020-07-24
Alaska,Kodiak Police Department,#N/A,WSO,2020-07-20
Arizona,Arizona Department of Corrections,#N/A,JEM,2020-06-16
Arizona,Cochise County Sheriff's Office,Cochise County,WSO,2025-08-28
Arizona,La Paz County Sheriff's Office,La Paz County,JEM,2020-03-12
Arizona,La Paz County Sheriff's Office,La Paz County,WSO,2020-02-27
Arizona,Mesa Police Department,#N/A,JEM,2020-06-08
Arizona,Navajo County Sheriff's Office,Navajo County,WSO,2025-04-16
Arizona,Pinal County Attorney's Office,Pinal County,TFM,2025-08-28
Arizona,Pinal County Sheriff's Office,Pinal County,JEM,2020-06-09
Arizona,Yavapai County Sheriff's Office,Yavapai County,JEM,2020-06-09
Arizona,Yuma County Sheriff's Office,Yuma County,WSO,2025-06-03
Arkansas,16th Judicial Distric Drug Task Force,Independence County,TFM,2025-09-22
Arkansas,Alexander Police Department,Saline County,TFM,2026-06-23
Arkansas,Alpena Police Department,Boone County,TFM,2026-05-21
Arkansas,Arkansas Department of Corrections,Pulaksi County,JEM,2025-12-02
Arkansas,Arkansas Department of Corrections,Pulaksi County,WSO,2025-12-02
Arkansas,Arkansas Department of Public Safety,Pulaski County,TFM,2026-02-23
Arkansas,Arkansas Department of Public Safety-Crime Information Center,Pulaski County,TFM,2026-02-14
Arkansas,Arkansas Division of Law Enforcement Standards and Training,Pulaski County,TFM,2026-02-10
Arkansas,Arkansas National Guard,#N/A,TFM,2025-11-04
Arkansas,Arkansas State Police Department,#N/A,TFM,2025-07-07
Arkansas,Ashdown City Police Department,Little River County,TFM,2026-04-17
Arkansas,Bald Knob Police Department,White County,TFM,2026-07-13
Arkansas,Baxter County Sheriff's Office,Baxter County,TFM,2025-07-15
Arkansas,Baxter County Sheriff's Office,Baxter County,WSO,2025-07-15
Arkansas,Bay Police Department,Craighead County,TFM,2026-04-22
Arkansas,Benton County Sheriff's Office,Benton County,JEM,2020-06-30
Arkansas,Benton County Sheriff's Office,Benton County,TFM,2026-06-12
Arkansas,Black Rock Police Department,Lawrence County,TFM,2026-02-10
Arkansas,Bono Police Department,Craighead County,TFM,2026-05-21
Arkansas,Boone County Sheriff's Office,Boone County,TFM,2026-04-05
Arkansas,Boone County Sheriff's Office,Boone County,WSO,2026-04-05
Arkansas,Bradley County Sheriff's Department,Bradley County,TFM,2026-07-20
Arkansas,Bradford Police Department,White County,TFM,2026-07-07
Arkansas,Brookland Police Department,Craighead County,TFM,2026-04-25
Arkansas,Calhoun County Sheriff's Office,Calhoun County,TFM,2026-01-07
Arkansas,Calhoun County Sheriff's Office,Calhoun County,WSO,2026-01-07
Arkansas,Caraway Police Department,Craighead County,TFM,2026-05-13
Arkansas,Carroll County Sheriff's Office,Carroll County,TFM,2026-05-09
Arkansas,Carroll County Sheriff's Office,Carroll County,WSO,2026-05-09
Arkansas,Cash Police Department,Craighead County,TFM,2025-11-06
Arkansas,Chidester Police Department,Ouachita County,TFM,2026-02-23
Arkansas,Clarendon Police Department,Monroe County,TFM,2026-06-30
Arkansas,Clark County Sheriff's Office,Clark County,JEM,2026-04-05
Arkansas,Clay County Sheriff's Office,Clay County,TFM,2026-06-23
Arkansas,Clay County Sheriff's Office,Clay County,WSO,2026-07-13
Arkansas,Cleburne County Sheriff's Office,Cleburne County,TFM,2026-05-21
Arkansas,Cleburne County Sheriff's Office,Cleburne County,WSO,2026-05-21
Arkansas,Cleveland County Sheriff's Office,Cleveland County,TFM,2026-06-23
Arkansas,Columbia County Sheriff's Office,Columbia County,TFM,2026-07-02
Arkansas,Conway County Sheriff's Office,Conway County,TFM,2026-05-24
Arkansas,Cotter Police Department,Baxter County,TFM,2026-06-25
Arkansas,Craighead County Sheriff's Office,Craighead County,JEM,2020-06-18
Arkansas,Craighead County Sheriff's Office,Craighead County,TFM,2026-06-14
Arkansas,Crawford County Sheriff's Office,Crawford County,TFM,2026-06-09
Arkansas,Crawford County Sheriff's Office,Crawford County,WSO,2025-07-25
Arkansas,Cross County Sheriff's Office,Cross County,WSO,2026-04-29
Arkansas,Dallas County Sheriff's Office,Dallas County,TFM,2025-09-09
Arkansas,Dallas County Sheriff's Office,Dallas County,WSO,2025-09-09
Arkansas,Decatur Police Department,Benton County,TFM,2026-07-09
Arkansas,Des Arc Police Department,Prairie County,TFM,2026-04-05
Arkansas,Evening Shade Police Department,Sharp County,TFM,2026-04-05
Arkansas,Faulkner County Sheriff's Office,Faulkner County,WSO,2025-08-28
Arkansas,Fordyce Police Department,#NA,TFM,2025-08-28
Arkansas,Forrest City Police Department,St. Francis County,TFM,2026-06-23
Arkansas,Franklin County Sheriff's Office,Franklin County,TFM,2026-02-27
Arkansas,Franklin County Sheriff's Office,Franklin County,WSO,2026-02-27
Arkansas,Fulton County Sheriff's Office,Fulton County,WSO,2026-03-31
Arkansas,Garland County Sheriff's Office,Garland County,WSO,2026-04-13
Arkansas,Gilmore Police Department,Crittenden County,TFM,2026-06-07
Arkansas,Grant County Sheriff's Department,Grant County,TFM,2026-06-09
Arkansas,Greene County Sheriff's Office,Greene County,WSO,2026-03-23
Arkansas,Gurdon Police Department,Clark County,TFM,2025-12-12
Arkansas,Hampton Police Department,Calhoun County,TFM,2025-06-30
Arkansas,Harrisburg Police Department,Poinsett County,TFM,2026-04-29
Arkansas,Harrison Police Department,Boone County,TFM,2026-05-31
Arkansas,Haskell Police Department,Saline County,TFM,2026-06-12
Arkansas,Hazen Police Department,Prairie County,TFM,2026-06-15
Arkansas,Hempstead County Sheriff's Office,Hempstead County,TFM,2026-02-27
Arkansas,Hempstead County Sheriff's Office,Hempstead County,WSO,2026-02-27
Arkansas,Hot Spring County Sheriff's Office,Hot Spring County,JEM,2026-04-05
Arkansas,Hughes Police Department,St. Francis County,TFM,2026-05-28
Arkansas,Independence County Sheriff's Office,Independence County,TFM,2026-06-03
Arkansas,Independence County Sheriff's Office,Independence County,WSO,2026-06-03
Arkansas,Izard County Sheriff's Office,Izard County,WSO,2026-04-13
Arkansas,Jackson County Sheriff's Office,Jackson County,TFM,2026-01-26
Arkansas,Jefferson County Sheriff's Office,Jefferson County,WSO,2026-05-31
Arkansas,Johnson County Sheriff's Office,Johnson County,WSO,2025-07-18
Arkansas,Lafayette County Sheriff's Office,Lafayette County,TFM,2025-08-06
Arkansas,Lafayette County Sheriff's Office,Lafayette County,WSO,2025-07-11
Arkansas,Lewisville Police Department,Lafayette County,TFM,2026-05-26
Arkansas,Lincoln County Sheriff's Office,Lincoln County,TFM,2026-07-07
Arkansas,Lincoln County Sheriff's Office,Lincoln County,WSO,2026-07-07
Arkansas,Little River County Sheriff's Office,Little River County,TFM,2026-07-09
Arkansas,Little River County Sheriff's Office,Little River County,WSO,2025-07-07
Arkansas,Logan County Sheriff's Office,Logan County,TFM,2026-06-14
Arkansas,Logan County Sheriff's Office,Logan County,WSO,2026-04-17
Arkansas,Lonoke County Sheriff's Office,Lonoke County,WSO,2026-04-07
Arkansas,Madison County Sheriff's Office,Madison County,WSO,2025-10-17
Arkansas,Mammoth Spring Police Department,Fulton County,TFM,2026-06-09
Arkansas,Manila Police Department,Mississippi County,TFM,2026-05-09
Arkansas,Marion County Sheriff's Office,Marion County,TFM,2026-03-31
Arkansas,Marion County Sheriff's Office,Marion County,WSO,2026-05-09
Arkansas,Miller County Sheriff's Office,Miller County,TFM,2025-07-11
Arkansas,Mississippi County Sheriff's Office,Mississippi County,JEM,2026-03-31
Arkansas,Mississippi County Sheriff's Office,Mississippi County,TFM,2026-06-23
Arkansas,Monette Police Department,Craighead County,TFM,2026-04-13
Arkansas,Monroe County Sheriff's Office,Monroe County,TFM,2026-06-03
Arkansas,Monroe County Sheriff's Office,Monroe County,WSO,2026-06-03
Arkansas,Mountainburg Police Department,Crawford County,TFM,2026-06-15
Arkansas,Newton County Sheriff's Office,Newton County,TFM,2026-06-25
Arkansas,Osceola Police Department,Mississippi County,TFM,2025-08-28
Arkansas,Ouachita County Sheriff's Office,Ouachita County,JEM,2026-03-31
Arkansas,Ozark Police Department,Franklin County,TFM,2026-05-26
Arkansas,Perry County Sheriff's Office,Perry County,JEM,2026-03-28
Arkansas,Pike County Sheriff's Office,Pike County,JEM,2026-04-15
Arkansas,Poinsett County Sheriff's Office,Poinsett County,JEM,2026-03-23
Arkansas,Poinsett County Sheriff's Office,Poinsett County,TFM,2026-03-23
Arkansas,Poinsett County Sheriff's Office,Poinsett County,WSO,2026-03-23
Arkansas,Polk County Sheriff's Office,Polk County,JEM,2026-03-23
Arkansas,Pope County Sheriff's Office,Pop County,WSO,2025-12-17
Arkansas,Pottsville Police Department,Pope County,TFM,2026-07-09
Arkansas,Prairie County Sheriff's Office,Prairie County,TFM,2026-03-31
Arkansas,Prairie County Sheriff's Office,Prairie County,WSO,2026-07-20
Arkansas,Pulaski County Sheriff's Office,Pulaski County,WSO,2025-09-09
Arkansas,Rockport Police Department,Hot Spring County,TFM,2026-06-12
Arkansas,Saline County Sheriff's Office,Saline County,TFM,2026-06-22
Arkansas,Saline County Sheriff's Office,Saline County,WSO,2025-06-12
Arkansas,Sebastian County Sheriff's Office,Sebastian County,WSO,2025-07-18
Arkansas,Sharp County Sheriff's Office,Sharp County,JEM,2026-04-05
Arkansas,Sharp County Sheriff's Office,Sharp County,TFM,2026-07-20
Arkansas,Sharp County Sheriff's Office,Sharp County,WSO,2026-04-05
Arkansas,Sheridan Police Department,Grant County,TFM,2026-05-21
Arkansas,Sherwood Police Department,Pulaski County,TFM,2026-03-17
Arkansas,Stamps Police Department,Lafayette County,TFM,2026-05-28
Arkansas,Taylor Police Department,Columbia County,TFM,2026-05-31
Arkansas,Texarkana Police Department,Bowie County,TFM,2025-07-11
Arkansas,Tontitown Police Department,Washington County,TFM,2026-06-12
Arkansas,Trumann Police Department,Poinsett County,TFM,2026-05-09
Arkansas,Tuckerman Police Department,Jackson County,TFM,2026-01-08
Arkansas,Washington County Sheriff's Office,Washington County,WSO,2025-07-29
Arkansas,White County Sheriff's Office,White County,JEM,2026-03-31
Colorado,Teller County Sheriff's Office,Teller County,JEM,2020-06-08
Florida,Alachua County Sheriff's Office,Alachua County,TFM,2025-02-26
Florida,Alachua County Sheriff's Office,Alachua County,WSO,2025-02-24
Florida,Alachua Police Department,Alachua County,TFM,2025-07-02
Florida,Altamonte Springs Police Department,Seminole County,TFM,2025-08-28
Florida,Apopka Police Department,#N/A,TFM,2025-07-02
Florida,Arcadia Police Department,#N/A,TFM,2025-03-05
Florida,Atlantic Beach Police Department,#N/A,TFM,2025-07-02
Florida,Atlantis Police Department,#N/A,TFM,2025-07-02
Florida,Auburndale Police Department,#N/A,TFM,2025-04-24
Florida,Baker County Sheriff's Office,Baker County,TFM,2025-02-26
Florida,Baker County Sheriff's Office,Baker County,WSO,2019-10-15
Florida,Bartow Police Department,#N/A,TFM,2025-04-29
Florida,Bay County Sheriff's Office,Bay County,TFM,2025-02-26
Florida,Bay County Sheriff's Office,Bay County,WSO,2019-10-15
Florida,Belle Isle Police Department,#N/A,TFM,2025-04-24
Florida,Belleair Police Department,#N/A,TFM,2025-02-28
Florida,Blountstown Police Department,#N/A,TFM,2025-03-05
Florida,Boca Raton Police Services Department,#N/A,TFM,2025-03-25
Florida,Boynton Beach Police Department,#N/A,TFM,2025-05-08
Florida,Bradenton Police Department,#N/A,TFM,2025-03-25
Florida,Bradford County Sheriff's Office,Bradford County,TFM,2025-02-26
Florida,Bradford County Sheriff's Office,Bradford County,WSO,2019-10-15
Florida,Brevard County Sheriff's Office,Brevard County,TFM,2025-02-24
Florida,Brevard County Sheriff's Office,Brevard County,WSO,2019-05-06
Florida,Broward County Sheriff's Office,Broward County,TFM,2025-02-26
Florida,Broward County Sheriff's Office,Broward County,WSO,2019-09-09
Florida,Bunnell Police Department,Flager County,TFM,2025-07-15
Florida,Calhoun County Sheriff's Office,Calhoun County,TFM,2025-02-26
Florida,Calhoun County Sheriff's Office,Calhoun County,WSO,2019-09-09
Florida,Cape Coral Police Department,#N/A,TFM,2025-07-02
Florida,Casselberry Police Department,#N/A,TFM,2025-07-02
Florida,Charlotte County Sheriff's Office,Charlotte County,TFM,2025-02-26
Florida,Charlotte County Sheriff's Office,Charlotte County,WSO,2019-05-06
Florida,Chattahoochee Police Department,#N/A,TFM,2025-02-28
Florida,Citrus County Sheriff's Office,Citrus County,TFM,2025-02-26
Florida,Citrus County Sheriff's Office,Citrus County,WSO,2025-02-26
Florida,City of Miami Police Department,#NA,TFM,2025-08-28
Florida,Clay County Sheriff's Office,Clay County,JEM,2020-03-11
Florida,Clay County Sheriff's Office,Clay County,TFM,2025-02-26
Florida,Clay County Sheriff's Office,Clay County,WSO,2025-02-24
Florida,Clearwater Police Department,#N/A,TFM,2025-02-28
Florida,Clermont Police Department,#N/A,TFM,2025-03-05
Florida,Clewiston Police Department,Hendry County,TFM,2025-07-24
Florida,Cocoa Beach Police Department,#N/A,TFM,2025-03-25
Florida,Cocoa Police Department,#N/A,TFM,2025-07-02
Florida,Coconut Creek Police Department,#N/A,TFM,2025-06-13
Florida,Collier County Sheriff's Office,Collier County,JEM,2020-06-09
Florida,Collier County Sheriff's Office,Collier County,TFM,2025-02-24
Florida,Columbia County Sheriff's Office,Columbia County,TFM,2025-02-26
Florida,Columbia County Sheriff's Office,Columbia County,WSO,2019-05-06
Florida,Coral Gables Police Department,#N/A,TFM,2025-03-07
Florida,Cross City Police Department,Dixie County,TFM,2025-09-22
Florida,Dade City Police Department,Pasco County,TFM,2025-11-04
Florida,Davenport Police Department,#N/A,TFM,2025-04-25
Florida,Davie Police Department,#N/A,TFM,2025-03-07
Florida,Daytona Beach Police Department,#N/A,TFM,2025-04-29
Florida,Daytona Beach Shores Public Safety,#N/A,TFM,2025-03-10
Florida,Deland Police Department,#N/A,TFM,2025-03-05
Florida,Delray Beach Police Department,Palm Beach County,TFM,2025-11-04
Florida,DeSoto County Sheriff's Office,DeSoto County,TFM,2025-02-26
Florida,DeSoto County Sheriff's Office,DeSoto County,WSO,2019-10-15
Florida,District Board of Trustees of Pensacola State College,Escambia County,TFM,2025-09-09
Florida,Dixie County Sheriff's Office,Dixie County,TFM,2025-02-26
Florida,Dixie County Sheriff's Office,Dixie County,WSO,2025-02-24
Florida,Doral Police Department,Miami-Dade County,TFM,2026-01-07
Florida,Eatonville Police Department,#N/A,TFM,2025-06-18
Florida,Edgewater Police Department,#N/A,TFM,2025-07-02
Florida,Edgewood Police Department,#N/A,TFM,2025-04-10
Florida,Escambia County Board of County Commissioners/ Department of Corrections,Escambia County,WSO,2025-02-26
Florida,Escambia County Sheriff's Office,Escambia County,TFM,2025-02-26
Florida,Eustis Police Department,#N/A,TFM,2025-04-02
Florida,Fellsmere Police Department,#N/A,TFM,2025-04-23
Florida,Flagler Beach Police Department,Flagler County,TFM,2025-07-23
Florida,Flagler County Sheriff's Office,Flagler County,TFM,2025-02-26
Florida,Flagler County Sheriff's Office,Flagler County,WSO,2019-09-09
Florida,Florida A&M University Board of Trustees,#N/A,TFM,2025-04-15
Florida,Florida Atlantic Police Department,Broward County,TFM,2025-07-24
Florida,Florida Department of Corrections,#N/A,JEM,2020-08-21
Florida,"Florida Department of Environmental Protection, Division of Law Enforcement",#N/A,TFM,2025-04-24
Florida,"Florida Department of Financial Services, Criminal Investigation Division",#NA,TFM,2025-07-24
Florida,"Florida Department of Highway Safety and Motor Vehicles, Division of Highway Patrol",#N/A,TFM,2025-02-07
Florida,Florida Department of Law Enforcement,#N/A,TFM,2025-02-14
Florida,Florida Department of Lottery Services,#N/A,TFM,2025-04-24
Florida,Florida Division of Alcoholic Beverages and Tobacco,#N/A,TFM,2025-04-24
Florida,Florida Fish & Wildlife Conservation Commission,#NA,TFM,2025-02-14
Florida,Florida Gaming Control Commission,#N/A,TFM,2025-04-24
Florida,Florida Gulf Coast University Police Department,#N/A,TFM,2025-05-08
Florida,Florida International University Police Department,#N/A,TFM,2025-07-02
Florida,Florida National Guard,#N/A,TFM,2025-04-02
Florida,Florida Polytechnic University Police Department,#N/A,TFM,2025-04-24
Florida,Florida Southwestern State College Police Department,#N/A,TFM,2025-04-15
Florida,Florida State College at Jacksonville Police Department,#NA,TFM,2025-08-28
Florida,Florida State Guard,#N/A,TFM,2025-03-19
Florida,Florida State University Police Department,Leon County,TFM,2026-02-18
Florida,Fort Myers Police Department,#N/A,TFM,2025-05-16
Florida,Fort Walton Beach Police Department,Okaloosa County,TFM,2025-08-04
Florida,Franklin County Sheriff's Office,Franklin County,TFM,2025-02-26
Florida,Franklin County Sheriff's Office,Franklin County,WSO,2019-10-15
Florida,Fruitland Park Police Department,Lake County,TFM,2025-11-04
Florida,Gadsden County Sheriff's Office,Gadsden County,TFM,2025-02-26
Florida,Gadsden County Sheriff's Office,Gadsden County,WSO,2025-02-26
Florida,Gilchrist County Sheriff's Office,Gilchrist County,TFM,2025-02-26
Florida,Gilchrist County Sheriff's Office,Gilchrist County,WSO,2025-02-26
Florida,Glades County Sheriff's Office,Glades County,TFM,2025-02-26
Florida,Glades County Sheriff's Office,Glades County,WSO,2025-02-26
Florida,Green Cove Springs Police Department,#N/A,TFM,2025-04-10
Florida,Gretna Police Department,Gadsden County,TFM,2025-12-08
Florida,Gulf Breeze Police Department,#N/A,TFM,2025-04-24
Florida,Gulf County Board of County Commissioners /Detention Facility,Gulf County,WSO,2025-02-26
Florida,Gulf County Sheriff's Office,Gulf County,TFM,2025-02-26
Florida,Gulf Stream Police Department,#NA,TFM,2025-08-28
Florida,Gulfport Police Department,#N/A,TFM,2025-02-28
Florida,Haines City Police Department,#N/A,TFM,2025-07-02
Florida,Hamilton County Sheriff's Office,Hamilton County,TFM,2025-02-26
Florida,Hamilton County Sheriff's Office,Hamilton County,WSO,2019-10-15
Florida,Hardee County Sheriff's Office,Hardee County,TFM,2025-05-08
Florida,Hardee County Sheriff's Office,Hardee County,WSO,2025-02-26
Florida,Havana Police Department,#N/A,TFM,2025-04-10
Florida,Hendry County Sheriff's Office,Hendry County,TFM,2025-02-26
Florida,Hendry County Sheriff's Office,Hendry County,WSO,2019-10-15
Florida,Hernando County Sheriff's Office,Hernando County,JEM,2020-06-09
Florida,Hernando County Sheriff's Office,Hernando County,TFM,2025-02-26
Florida,Hernando County Sheriff's Office,Hernando County,WSO,2019-05-06
Florida,Hialeah Police Department,#N/A,TFM,2025-07-02
Florida,High Springs Police Department,#N/A,TFM,2025-03-25
Florida,Highland Beach Police Department,#N/A,TFM,2025-04-10
Florida,Highlands County Sheriff's Office,Highlands County,TFM,2025-02-26
Florida,Highlands County Sheriff's Office,Highlands County,WSO,2019-10-15
Florida,Hillsborough County Sheriff's Office,Hillsborough County,TFM,2025-02-26
Florida,Hillsborough County Sheriff's Office,Hillsborough County,WSO,2025-02-26
Florida,Holly Hill Police Department,#N/A,TFM,2025-05-08
Florida,Hollywood Police Department,#N/A,TFM,2025-06-18
Florida,Holmes Beach Police Department,#N/A,TFM,2025-04-10
Florida,Holmes County Sheriff's Office,Holmes County,TFM,2025-02-26
Florida,Holmes County Sheriff's Office,Holmes County,WSO,2019-10-15
Florida,Howey in the Hills Police Department,Lake Conty,TFM,2025-07-24
Florida,Indialantic Police Department,#N/A,TFM,2025-05-13
Florida,Indian Creek Village Department of Public Safety,#N/A,TFM,2025-07-07
Florida,Indian Harbour Beach Police Department,#N/A,TFM,2025-04-10
Florida,Indian River County Sheriff's Office,Indian River County,TFM,2025-02-26
Florida,Indian River County Sheriff's Office,Indian River County,WSO,2019-10-15
Florida,Indian River Shores Department of Public Safety,#N/A,TFM,2025-03-05
Florida,Indian Shores Police Department,#N/A,TFM,2025-02-28
Florida,Jackson County Correctional Facility,Jackson County,WSO,2025-02-26
Florida,Jackson County Sheriff's Office,Jackson County,TFM,2025-02-26
Florida,Jacksonville Sheriff's Office,Duval County,JEM,2020-06-09
Florida,Jacksonville Sheriff's Office,Duval County,TFM,2025-02-26
Florida,Jasper Police Department,Hamilton County,TFM,2026-04-27
Florida,Jefferson County Sheriff's Office,Jefferson County,TFM,2025-02-26
Florida,Jefferson County Sheriff's Office,Jefferson County,WSO,2019-10-15
Florida,Juno Beach Police Department,#N/A,TFM,2025-03-07
Florida,Jupiter Inlet Colony Police Department,#N/A,TFM,2025-03-10
Florida,Jupiter Island Department of Public Safety,#N/A,TFM,2025-03-25
Florida,Jupiter Police Department,#N/A,TFM,2025-03-26
Florida,Kenneth City Police Department,#N/A,TFM,2025-02-28
Florida,Key Colony Beach Police Department,#N/A,TFM,2025-04-10
Florida,Key West Police Department,#N/A,TFM,2025-03-05
Florida,Kissimmee Police Department,#N/A,TFM,2025-04-24
Florida,Lady Lake Police Department,#N/A,TFM,2025-04-10
Florida,Lafayette County Sheriff's Office,Lafayette County,TFM,2025-02-26
Florida,Lafayette County Sheriff's Office,Lafayette County,WSO,2019-10-15
Florida,Lake Alfred Police Department,#N/A,TFM,2025-06-24
Florida,Lake City Police Department,#N/A,TFM,2025-04-29
Florida,Lake Clarke Shores Police Department,#N/A,TFM,2025-04-29
Florida,Lake County Sheriff's Office,Lake County,TFM,2025-02-26
Florida,Lake County Sheriff's Office,Lake County,WSO,2019-10-15
Florida,Lake Hamilton Police Department,Polk County,TFM,2026-02-18
Florida,Lake Helen Police Department,Volusia County,TFM,2026-01-26
Florida,Lake Mary Police Department,#N/A,TFM,2025-06-18
Florida,Lake Placid Police Department,#N/A,TFM,2025-02-28
Florida,Lake Wales Police Department,#N/A,TFM,2025-06-13
Florida,Lakeland Police Department,#N/A,TFM,2025-04-24
Florida,Lantana Police Department,#N/A,TFM,2025-04-14
Florida,Largo Police Department,Pinellas County,TFM,2025-07-23
Florida,Lee County Port Authority Police,Lee County,TFM,2025-07-02
Florida,Lee County Sheriff's Office,Lee County,JEM,2025-03-03
Florida,Lee County Sheriff's Office,Lee County,TFM,2025-02-24
Florida,Lee County Sheriff's Office,Lee County,WSO,2025-02-26
Florida,Leon County Sheriff's Office,Leon County,TFM,2025-02-26
Florida,Leon County Sheriff's Office,Leon County,WSO,2019-10-15
Florida,Levy County Sheriff's Office,Levy County,TFM,2025-02-26
Florida,Levy County Sheriff's Office,Levy County,WSO,2019-05-06
Florida,Liberty County Sheriff's Office,Liberty County,TFM,2025-02-26
Florida,Liberty County Sheriff's Office,Liberty County,WSO,2019-09-09
Florida,Lighthouse Point Police Department,#N/A,TFM,2025-04-02
Florida,Live Oak Police Department,#N/A,TFM,2025-04-14
Florida,Longboat Key Police Department,#N/A,TFM,2025-04-23
Florida,Longwood Police Department,#N/A,TFM,2025-04-14
Florida,Lynn Haven Police Department,#N/A,TFM,2025-02-24
Florida,Madison County Sheriff's Office,Madison County,TFM,2025-02-26
Florida,Madison County Sheriff's Office,Madison County,WSO,2019-09-09
Florida,Madison Police Department,Madison County,TFM,2025-11-04
Florida,Manatee County Sheriff's Office,Manatee County,TFM,2025-02-26
Florida,Manatee County Sheriff's Office,Manatee County,WSO,2019-05-06
Florida,Marco Island Police Department,#N/A,TFM,2025-04-24
Florida,Marianna Police Department,#N/A,TFM,2025-03-05
Florida,Marion County Sheriff's Office,Marion County,TFM,2025-02-26
Florida,Marion County Sheriff's Office,Marion County,WSO,2019-10-15
Florida,Martin County Sheriff's Office,Martin County,TFM,2025-02-26
Florida,Martin County Sheriff's Office,Martin County,WSO,2020-01-22
Florida,Melbourne Beach Police Department,#N/A,TFM,2025-04-14
Florida,Melbourne International Airport Police Department,#N/A,TFM,2025-04-25
Florida,Melbourne Police Department,#N/A,TFM,2025-04-14
Florida,Miami Springs Police Department,#N/A,TFM,2025-04-02
Florida,Miami-Dade Corrections and Rehabilitation,Miami-Dade County,WSO,2025-02-26
Florida,Miami-Dade Sheriff's Office,Miami-Dade County,TFM,2025-02-26
Florida,Midway Police Department,Gadsden County,TFM,2025-11-19
Florida,Milton Police Department,Santa Rosa County,TFM,2025-12-10
Florida,Monroe County Sheriff's Office,Monroe County,TFM,2025-02-26
Florida,Monroe County Sheriff's Office,Monroe County,WSO,2019-10-15
Florida,Naples Police Department,#N/A,TFM,2025-03-03
Florida,Nassau County Sheriff's Office,Nassau County,TFM,2025-02-26
Florida,Nassau County Sheriff's Office,Nassau County,WSO,2019-10-15
Florida,Neptune Beach Police Department,Duval County,TFM,2025-07-02
Florida,New College of Florida Police Department,#N/A,TFM,2025-04-15
Florida,New Port Richey Police Department,#N/A,TFM,2025-05-13
Florida,New Smyrna Beach Police Department,#N/A,TFM,2025-04-24
Florida,Niceville Police Department,Okaloosa County,TFM,2025-10-17
Florida,North Bay Village Police Department,#N/A,TFM,2025-05-08
Florida,North Palm Beach Police Department,#N/A,TFM,2025-06-11
Florida,North Port Police Department,#N/A,TFM,2025-04-24
Florida,Northwest Florida State College Police Department,#N/A,TFM,2025-05-08
Florida,Oakland Police Department,#N/A,TFM,2025-04-23
Florida,Ocala Police Department,Marion County,TFM,2025-04-24
Florida,Ocean Ridge Police Department,#N/A,TFM,2025-04-14
Florida,Ocoee Police Department,#N/A,TFM,2025-05-13
Florida,Office of Agricultural Law Enforcement,#N/A,TFM,2025-06-11
Florida,Office of the State Attorney Sixth Judicial Circuit,#NA,TFM,2025-08-28
Florida,"Office of the State Attorney, 20th Judicial Circuit",Lee County,TFM,2026-05-09
Florida,Okaloosa County Board of County Commissioners/ Department of Corrections,Okaloosa County,WSO,2025-02-26
Florida,Okaloosa County Sheriff's Office,Okaloosa County,TFM,2025-02-26
Florida,Okeechobee County Sheriff's Office,Okeechobee County,JEM,2026-04-25
Florida,Okeechobee County Sheriff's Office,Okeechobee County,TFM,2025-02-26
Florida,Okeechobee County Sheriff's Office,Okeechobee County,WSO,2019-10-15
Florida,Okeechobee Police Department,#N/A,TFM,2025-03-17
Florida,Orange City Police Department,#N/A,TFM,2025-04-14
Florida,Orange County Corrections Department,Orange County,WSO,2025-02-26
Florida,Orange County Sheriff's Office,Orange County,TFM,2025-02-26
Florida,Orange Park Police Department,Clay County,TFM,2025-07-24
Florida,Orlando Police Department,#N/A,TFM,2025-03-26
Florida,Ormond Beach Police Department,#N/A,TFM,2025-04-14
Florida,Osceola County Corrections Department,Osceola County,WSO,2019-10-15
Florida,Osceola County Sheriff's Office,Osceola County,TFM,2025-02-26
Florida,Oviedo Police Department,#N/A,TFM,2025-03-26
Florida,Palm Bay Police Department,Brevard County,TFM,2025-07-15
Florida,Palm Beach County Sheriff's Office,Palm Beach County,TFM,2025-02-26
Florida,Palm Beach County Sheriff's Office,Palm Beach County,WSO,2025-02-26
Florida,Palm Beach Gardens Police Department,#N/A,TFM,2025-03-05
Florida,Palm Beach Police Department,#N/A,TFM,2025-03-07
Florida,Palm Springs Police Department,#N/A,TFM,2025-06-05
Florida,Palmetto Police Department,Manatee County,TFM,2025-09-22
Florida,Panama City Beach Police Department,#N/A,TFM,2025-02-25
Florida,Panama City Police Department,#N/A,TFM,2025-02-28
Florida,Pasco County Board of County Commissioners/ Pasco County Corrections,Pasco County,WSO,2025-02-26
Florida,Pasco County Sheriff's Office,Pasco County,TFM,2025-02-26
Florida,Pembroke Park Police Department,Broward County,TFM,2025-04-14
Florida,Pembroke Pines Police Department,Broward County,TFM,2025-04-14
Florida,Pensacola Police Department,#N/A,TFM,2025-06-18
Florida,Perry Police Department,Taylor County,TFM,2025-07-23
Florida,Pinellas County Sheriff's Office,Pinellas County,TFM,2025-02-26
Florida,Pinellas County Sheriff's Office,Pinellas County,WSO,2019-04-24
Florida,Pinellas Park Police Department,#N/A,TFM,2025-02-28
Florida,Plant City Police Department,Hillsborough County,TFM,2025-10-17
Florida,Polk County Sheriff's Office,Polk County,JEM,2026-06-09
Florida,Polk County Sheriff's Office,Polk County,TFM,2025-02-26
Florida,Polk County Sheriff's Office,Polk County,WSO,2019-05-06
Florida,Ponce Inlet Police Department,Volusia County,TFM,2025-04-14
Florida,Port Orange Police Department,#N/A,TFM,2025-04-24
Florida,Port Richey Police Department,Pasco County,TFM,2025-11-06
Florida,Port Saint Lucie Police Department,St. Luice County,TFM,2025-10-17
Florida,Punta Gorda Police Department,#N/A,TFM,2025-04-24
Florida,Putnam County Sheriff's Office,Putnam County,TFM,2025-02-26
Florida,Putnam County Sheriff's Office,Putnam County,WSO,2019-10-15
Florida,Quincy Police Department,#N/A,TFM,2025-07-07
Florida,Riviera Beach Police Department,#N/A,TFM,2025-04-29
Florida,Rockledge Police Department,Brevard County,TFM,2025-06-05
Florida,Sanford Airport Police Department,#N/A,TFM,2025-05-13
Florida,Sanford Police Department,Seminole County,TFM,2025-06-05
Florida,Sanibel Police Department,#N/A,TFM,2025-04-02
Florida,Santa Fe College Police Department,Alachua County,TFM,2025-07-24
Florida,Santa Rosa County Sheriff's Office,Santa Rosa County,TFM,2025-02-26
Florida,Santa Rosa County Sheriff's Office,Santa Rosa County,WSO,2019-10-15
Florida,Sarasota County Sheriff's Office,Sarasota County,TFM,2025-02-26
Florida,Sarasota County Sheriff's Office,Sarasota County,WSO,2019-05-06
Florida,Sarasota Manatee Airport Authority Police Department,#N/A,TFM,2025-06-11
Florida,Sarasota Police Department,#N/A,TFM,2025-05-16
Florida,Satellite Beach Police Department,Brevard County,TFM,2025-06-05
Florida,Sebastian Police Department,Indian River County,TFM,2025-04-15
Florida,Sebring Police Department,#N/A,TFM,2025-07-07
Florida,Seminole County Sheriff's Office,Seminole County,TFM,2025-02-26
Florida,Seminole County Sheriff's Office,Seminole County,WSO,2019-09-04
Florida,Sewall's Point Police Department,Martin County,TFM,2025-04-15
Florida,Shalimar Police Department,#NA,TFM,2025-08-28
Florida,South Daytona Police Department,Volusia County,TFM,2025-04-24
Florida,Springfield Police Department,#N/A,TFM,2025-02-28
Florida,St. Augustine Beach Police Department,#N/A,TFM,2025-03-03
Florida,St. Augustine Police Department,#N/A,TFM,2025-02-28
Florida,St. Cloud Police Department,#N/A,TFM,2025-04-14
Florida,St. Johns County Sheriff's Office,St. Johns County,JEM,2025-07-18
Florida,St. Johns County Sheriff's Office,St. Johns County,TFM,2025-02-26
Florida,St. Johns County Sheriff's Office,St. Johns County,WSO,2019-10-15
Florida,St. Lucie County Sheriff's Office,St. Lucie County,TFM,2025-02-26
Florida,St. Lucie County Sheriff's Office,St. Lucie County,WSO,2025-02-19
Florida,St. Petersburg Police Department,#N/A,TFM,2025-02-28
Florida,Stuart Police Department,#N/A,TFM,2025-04-14
Florida,Sumter County Sheriff's Office,Sumter County,TFM,2025-02-26
Florida,Sumter County Sheriff's Office,Sumter County,WSO,2019-10-15
Florida,Sunny Isles Police Department,#N/A,TFM,2025-03-10
Florida,Suwannee County Sheriff's Office,Suwannee County,TFM,2025-02-26
Florida,Suwannee County Sheriff's Office,Suwannee County,WSO,2019-10-15
Florida,Sweetwater Police Department,#N/A,TFM,2025-03-26
Florida,Tallahassee Police Department,#N/A,TFM,2025-03-10
Florida,Tallahassee State College Police Department,#N/A,TFM,2025-04-15
Florida,Tampa Police Department,#N/A,TFM,2025-02-28
Florida,Tarpon Springs Police Department,#N/A,TFM,2025-02-28
Florida,Tavares Police Department,#N/A,TFM,2025-03-17
Florida,Taylor County Sheriff's Office,Taylor County,JEM,2025-10-17
Florida,Taylor County Sheriff's Office,Taylor County,TFM,2025-02-26
Florida,Taylor County Sheriff's Office,Taylor County,WSO,2019-10-15
Florida,Tequesta Police Department,#N/A,TFM,2025-03-07
Florida,Titusville Police Department,#N/A,TFM,2025-06-24
Florida,Treasure Island Police Department,#N/A,TFM,2025-03-07
Florida,Union County Sheriff's Office,Union County,TFM,2025-02-26
Florida,Union County Sheriff's Office,Union County,WSO,2025-02-26
Florida,University of Central Florida Police Department,Orange County,TFM,2025-07-24
Florida,University of Florida Police Department,#N/A,TFM,2025-04-15
Florida,University of North Florida Police Department,#N/A,TFM,2025-07-07
Florida,University of South Florida Police Department,Hillsborough County,TFM,2026-02-10
Florida,University of West Florida Police Department,#N/A,TFM,2025-04-15
Florida,Venice Police Department,#N/A,TFM,2025-03-17
Florida,Vero Beach Police Department,#N/A,TFM,2025-03-26
Florida,Volusia County Division of Corrections,Volusia County,WSO,2025-02-26
Florida,Volusia County Sheriff's Office,Volusia County,TFM,2025-02-26
Florida,Wakulla County Sheriff's Office,Wakulla County,TFM,2025-02-26
Florida,Wakulla County Sheriff's Office,Wakulla County,WSO,2019-10-15
Florida,Walton County Sheriff's Office,Walton County,TFM,2025-02-26
Florida,Walton County Sheriff's Office,Walton County,WSO,2019-05-06
Florida,Washington County Sheriff's Office,Washington County,TFM,2025-02-26
Florida,Washington County Sheriff's Office,Washington County,WSO,2025-02-26
Florida,Wauchula Police Department,Hardee County,TFM,2026-05-13
Florida,Welaka Police Department,Putnam County,TFM,2025-11-19
Florida,West Melbourne Police Department,Brevard County,TFM,2025-04-24
Florida,West Miami Police Department,#N/A,TFM,2025-03-26
Florida,West Palm Beach Police Department,#N/A,TFM,2025-07-07
Florida,Windermere Police Department,#N/A,TFM,2025-06-05
Florida,Winter Garden Police Department,#N/A,TFM,2025-04-02
Florida,Winter Haven Police Department,#N/A,TFM,2025-07-02
Florida,Winter Springs Police Department,Seminole County,TFM,2025-06-05
Florida,Zephyrhills Police Department,#N/A,TFM,2025-04-14
Georgia,Alto Police Department,Banks County,TFM,2025-11-06
Georgia,Appling County Sheriff's Office,Appling County,TFM,2026-02-14
Georgia,Atkinson County Sheriff's Office,Atkinson County,JEM,2026-03-08
Georgia,Atkinson County Sheriff's Office,Atkinson County,TFM,2026-01-07
Georgia,Bacon County Sheriff's Office,Bacon County,TFM,2026-02-20
Georgia,Bibb County Sheriff's Office,Bibb County,WSO,2025-02-27
Georgia,Boston Police Department,Thomas County,TFM,2026-05-21
Georgia,Brooks County Sheriff's Department,Brooks County,JEM,2026-06-03
Georgia,Brooks County Sheriff's Department,Brooks County,TFM,2026-06-03
Georgia,Brooks County Sheriff's Department,Brooks County,WSO,2026-06-03
Georgia,Bulloch County Sheriff's Office,Bulloch County,TFM,2026-07-20
Georgia,Burke County Sheriff's Office,Burke County,WSO,2025-03-26
Georgia,Cairo Police Department,Grady County,TFM,2026-05-12
Georgia,Camden County Sheriff's Office,Camden County,JEM,2026-04-29
Georgia,Camden County Sheriff's Office,Camden County,TFM,2026-04-29
Georgia,Camden County Sheriff's Office,Camden County,WSO,2026-04-29
Georgia,Catoosa County Sheriff's Office,Catoosa County,JEM,2025-05-22
Georgia,Catoosa County Sheriff's Office,Catoosa County,WSO,2025-05-22
Georgia,Clay County Sheriff' Department,Clay County,TFM,2026-07-07
Georgia,Clay County Sheriff' Department,Clay County,WSO,2026-07-07
Georgia,City of Morrow Police Department,Clayton County,TFM,2025-09-22
Georgia,Cleveland Police Department,White County,TFM,2026-05-31
Georgia,Columbia County Sheriff's Office,Columbia County,JEM,2025-02-26
Georgia,Comer Police Department,Madison County,TFM,2026-06-29
Georgia,Coweta County Sheriff's Office,Coweta County,WSO,2025-05-22
Georgia,Dade County Sheriff's Office,Dade County,WSO,2025-03-26
Georgia,Dallas Police Department,Paulding County,TFM,2026-03-28
Georgia,Danielsville Police Department,Madison County,TFM,2026-06-25
Georgia,Dawson County Sheriff's Office,Dawson County,WSO,2025-05-22
Georgia,Decatur County Sheriff's Office,Decatur,WSO,2025-03-26
Georgia,Euharlee Police Department,#N/A,TFM,2025-05-16
Georgia,Fayette County Sheriff's Office,Fayette County,WSO,2025-09-09
Georgia,Flowery Branch Police Department,Hall County,TFM,2026-06-23
Georgia,Floyd County Sheriff's Office,Floyd County,JEM,2020-06-10
Georgia,Forsyth County Sheriff's Office,Forsyth County,WSO,2025-05-13
Georgia,Franklin County Sheriff's Office,Franklin County,WSO,2025-11-10
Georgia,Georgia Department of Corrections,#N/A,JEM,2020-06-09
Georgia,Georgia Department of Public Safety,#N/A,TFM,2025-03-10
Georgia,Gilmer County Sheriff's Office,Gilmer County,WSO,2026-01-26
Georgia,Glynn County Sheriff's Office,Glynn County,WSO,2025-05-13
Georgia,Grady County Sheriff's Office,Grady County,JEM,2026-01-07
Georgia,Grady County Sheriff's Office,Grady County,WSO,2026-01-07
Georgia,Grady County Sheriff's Office,Grady County,TFM,2025-11-04
Georgia,Hahira Police Department,Lowndes County,TFM,2026-04-25
Georgia,Hall County Sheriff's Office,Hall County,JEM,2020-06-09
Georgia,Harris County Sheriff's Office,Harris County,TFM,2026-04-20
Georgia,Harris County Sheriff's Office,Harris County,WSO,2025-05-22
Georgia,Jasper County Sheriff's Office,Jasper County,JEM,2025-05-22
Georgia,Jasper County Sheriff's Office,Jasper County,WSO,2025-06-25
Georgia,Lanier County Sheriff's Office,Lanier County,TFM,2025-11-04
Georgia,Lumpkin County Sheriff's Office,Lumpkin County,WSO,2025-03-27
Georgia,Madison County Sheriff's Office,Madison County,WSO,2025-05-13
Georgia,Marietta Police Department,Cobb County,TFM,2026-01-07
Georgia,Molena Police Department,Pike County,TFM,2026-06-07
Georgia,Monroe County Sheriff's Office,Monroe County,JEM,2025-02-24
Georgia,Monroe Police Department,Monroe County,TFM,2025-07-07
Georgia,Morgan County Sheriff's Office,Morgan County,WSO,2025-02-28
Georgia,Morven Police Department,Brooks County,TFM,2025-08-28
Georgia,Muscogee County Sheriff's Office,Muscogee County,TFM,2026-07-07
Georgia,Oakwood Police Department,Hall County,TFM,2026-07-20
Georgia,Oconee County Sheriff's Office,Oconee County,WSO,2019-12-31
Georgia,Odum Police Department,Wayne County,TFM,2026-01-26
Georgia,Oglethorpe County Sheriff's Office,Oglethorpe County,TFM,2025-10-17
Georgia,Pearson Police Department,Atkinson County,TFM,2026-02-10
Georgia,Pierce County Sheriff's Office,Pierce County,WSO,2025-02-27
Georgia,Polk County Sheriff's Office,Polk County,JEM,2020-07-02
Georgia,Social Circle Police Department,Walton County,TFM,2025-10-17
Georgia,Statesboro Police Department,Bulloch County,TFM,2026-02-27
Georgia,Stewart County Sheriff's Department,Stewart County,TFM,2026-06-02
Georgia,Sylvester Police Department,Worth County,TFM,2026-07-20
Georgia,Telfair County Sheriff's Department,Telfair County,JEM,2026-07-20
Georgia,Telfair County Sheriff's Department,Telfair County,TFM,2026-07-20
Georgia,Thomas County Sheriff's Office,Thomas County,JEM,2026-02-25
Georgia,Thomas County Sheriff's Office,Thomas County,TFM,2026-02-25
Georgia,Thomas County Sheriff's Office,Thomas County,WSO,2026-02-25
Georgia,Tift County Sheriff's Office,Tift County,JEM,2025-05-07
Georgia,Tift County Sheriff's Office,Tift County,WSO,2025-05-07
Georgia,Turner County Sheriff's Office,Turner County,JEM,2025-12-16
Georgia,Turner County Sheriff's Office,Turner County,TFM,2025-12-16
Georgia,Turner County Sheriff's Office,Turner County,WSO,2025-12-16
Georgia,Walker County Sheriff's Office,Walker County,JEM,2025-02-24
Georgia,Waycross Police Department,Ware County,TFM,2026-07-20
Georgia,Wayne County Sheriff's Office,Wayne County,TFM,2026-01-30
Georgia,Webster County Sheriff's Office,Webster County,TFM,2026-05-28
Georgia,Whitfield County Sheriff's Office,Whitfield County,JEM,2020-06-09
Georgia,Worth County Sheriff's Department,Worth County,TFM,2026-07-09
Georgia,Worth County Sheriff's Department,Worth County,WSO,2026-07-09
Guam,Office Of The Attorney General,Kattan District,TFM,2025-09-22
Idaho,Bingham County Sheriff's Office,Bingham County,WSO,2025-05-28
Idaho,Bonneville County Sheriff's Office,Bonneville County,WSO,2025-07-11
Idaho,Caribou County Sheriff's Office,Caribou County,WSO,2026-03-11
Idaho,Franklin County Sheriff's Office,Franklin County,TFM,2026-03-24
Idaho,Gooding County Sheriff's Office,Gooding County,WSO,2020-08-17
Idaho,Idaho State Police Department,Jerome County,TFM,2025-06-05
Idaho,Kootenai County Sheriff's Office,Kootenai County,JEM,2025-08-28
Idaho,Kootenai County Sheriff's Office,Kootenai County,WSO,2025-08-28
Idaho,Owyhee County Sheriff's Office,Owyhee County,TFM,2025-02-19
Idaho,Owyhee County Sheriff's Office,Owyhee County,WSO,2025-02-19
Idaho,Post Falls Police Department,Kootenai County,TFM,2026-06-25
Idaho,Power County Sheriff’s Office,Power County,WSO,2020-11-20
Idaho,Washington County Sheriff's Office,Washington County,WSO,2025-10-17
Indiana,Andrews Police Department,Huntington County,TFM,2026-06-25
Indiana,Aurora Police Department,Dearborn County,TFM,2026-06-03
Indiana,Bainbridge Police Department,Putnam County,TFM,2026-04-21
Indiana,Blackford County Sheriff's Department,Blackford County,TFM,2026-07-03
Indiana,Blackford County Sheriff's Department,Blackford County,WSO,2026-07-03
Indiana,Brooklyn Police Department,Morgan County,TFM,2026-06-12
Indiana,Cadiz Police Department,Henry County,TFM,2026-01-07
Indiana,Carthage Police Department,Rush County,TFM,2026-03-23
Indiana,Cloverdale Police Department,Putnam County,TFM,2026-06-12
Indiana,Corydon Police Department,Harrison County,TFM,2025-09-09
Indiana,Dearborn County Sheriff's Department,Dearborn County,JEM,2026-06-25
Indiana,Dearborn County Sheriff's Department,Dearborn County,WSO,2026-06-25
Indiana,Gentryville Police Department,Spencer County,TFM,2026-04-17
Indiana,Greens Fork Police Department,#N/A,TFM,2025-04-10
Indiana,Greensboro Police Department,Henry County,TFM,2025-12-09
Indiana,Hamilton County Sheriff's Office,Hamilton County,JEM,2025-03-03
Indiana,Haubstadt Police Department,Gibson County,TFM,2026-04-13
Indiana,Hendricks County Prosecutor's Office,Hendricks County,TFM,2026-02-18
Indiana,Holland Police Department,Dubois County,TFM,2026-04-19
Indiana,Indiana Department of Corrections,Putnam County,JEM,2025-08-06
Indiana,Indiana Department of Corrections,Putnam County,WSO,2025-08-04
Indiana,Indiana Department of Homeland Security,Marion County,TFM,2025-08-04
Indiana,Indiana State Police Department,#NA,TFM,2025-08-04
Indiana,Jasper County Sheriff's Office,Jasper County,WSO,2025-03-17
Indiana,Kennard Police Department,Henry County,TFM,2025-09-09
Indiana,LaGrange Police Department,LaGrange County,TFM,2025-11-06
Indiana,Laurel Police Department,Franklin County,TFM,2026-04-15
Indiana,Marengo Police Department,Crawford County,TFM,2026-04-13
Indiana,Markle Police Department,Huntington County,TFM,2026-06-23
Indiana,Moores Hill Police Department,Dearborn County,TFM,2026-04-15
Indiana,Noble County Sheriff's Office,Noble County,WSO,2025-03-26
Indiana,North Salem Police Department,Hendricks County,TFM,2025-08-04
Indiana,Oakland City Police Department,Gibson County,TFM,2026-07-20
Indiana,Orestes Police Department,Madison County,TFM,2026-04-29
Indiana,Rush County Sheriff's Office,Rush County,WSO,2025-08-07
Indiana,Shirley Police Department,Hancock County,TFM,2026-04-19
Indiana,Silver Lake Police Department,Kosciusko County,TFM,2026-05-21
Indiana,Stinesville Police Department,Monroe County,TFM,2026-02-10
Indiana,Waterloo Marshal's Office,DeKalb County,TFM,2026-05-13
Indiana,West Harrison Police Department,Dearborn County,TFM,2026-04-13
Indiana,Wolcott Police Department,White County,TFM,2026-03-24
Indiana,Worthington Police Department,Greene County,TFM,2026-04-13
Iowa,Iowa Department of Public Safety,N/A,TFM,2025-03-26
Iowa,Marion County Sheriff's Office,Marion County,TFM,2025-11-06
Kansas,Anderson County Sheriff's Office,Anderson County,TFM,2026-06-09
Kansas,Anderson County Sheriff's Office,Anderson County,WSO,2025-06-11
Kansas,Bentley Police Department,Sedgwick County,TFM,2026-07-03
Kansas,Brown County Sheriff's Office,Brown County,JEM,2025-11-04
Kansas,Brown County Sheriff's Office,Brown County,TFM,2025-11-04
Kansas,Brown County Sheriff's Office,Brown County,WSO,2025-11-05
Kansas,Caney Police Department,Montgomery,TFM,2026-02-10
Kansas,Chase County Sheriff's Office,Chase County,TFM,2026-05-09
Kansas,Chautauqua County Sheriff's Department,Chautauqua County,WSO,2026-06-30
Kansas,Cherryvale Police Department,Montgomery County,TFM,2026-04-17
Kansas,Cloud County Sheriff's Department,Cloud County,WSO,2025-11-20
Kansas,Coffey County Sheriff's Office,Coffey County,WSO,2026-04-27
Kansas,Coffeyville Police Department,Montgomery County,TFM,2025-11-04
Kansas,Cowley County Sheriff's Office,Cowley County,WSO,2025-03-05
Kansas,Ellis County Sheriff's Office,Ellis County,WSO,2025-07-07
Kansas,Finney County Sheriff’s Office,Finney County,WSO,2020-03-17
Kansas,Franklin County Sheriff's Office,Franklin County,WSO,2025-06-17
Kansas,Geary County Sheriff's Department,Geary County,WSO,2026-07-07
Kansas,Haskell County Sheriff's Office,Haskell County,WSO,2025-06-12
Kansas,Jackson County Sheriff’s Office,Jackson County,WSO,2020-07-23
Kansas,Jewell County Sheriff's Office,Jewell County,WSO,2025-06-25
Kansas,Kansas Bureau of Investigation,#N/A,TFM,2025-02-18
Kansas,Logan County Sheriff's Department,Logan County,TFM,2026-06-15
Kansas,Logan County Sheriff's Department,Logan County,WSO,2026-04-17
Kansas,Lyon County Sheriff's Office,Lyon County,WSO,2025-12-02
Kansas,Marshall County Sheriff's Department,Marshall County,TFM,2026-07-20
Kansas,Osage County Sheriff's Office,Osage County,WSO,2025-12-08
Kansas,Ottawa County Sheriff's Department,Ottawa County,JEM,2026-06-12
Kansas,Ottawa County Sheriff's Department,Ottawa County,TFM,2026-06-12
Kansas,Ottawa County Sheriff's Department,Ottawa County,WSO,2026-06-12
Kansas,Phillips County Sheriff's Department,Phillips County,WSO,2025-12-08
Kansas,Pottawatomie County Sheriff's Office,Pottawatomie County,WSO,2026-02-10
Kansas,Pratt County Sheriff's Department,Pratt County,JEM,2026-06-22
Kansas,Pratt County Sheriff's Department,Pratt County,TFM,2026-06-22
Kansas,Pratt County Sheriff's Department,Pratt County,WSO,2026-06-22
Kansas,Reno County Sheriff's office,Reno County,WSO,2025-03-05
Kansas,Rice County Sheriff's Office,Rice County,WSO,2025-03-26
Kansas,Rooks County Sheriff's Department,Rooks County,TFM,2026-06-23
Kansas,Rooks County Sheriff's Department,Rooks County,WSO,2025-09-09
Kansas,Rush County Sheriff's Office,Rush County,WSO,2025-07-07
Kansas,Russell County Sheriff's Department,Russell County,TFM,2026-07-02
Kansas,Saline County Sheriff's Office,Saline County,WSO,2025-09-22
Kansas,Sedgwick County Sheriff's Office,Sedgwick County,WSO,2025-11-04
Kansas,Shawnee County Sheriff's Office,Shawnee County,TFM,2025-07-02
Kansas,Thomas County Sheriff's Office,Thomas County,TFM,2026-06-30
Kansas,Trego County Sheriff's Office,Trego County,JEM,2026-04-20
Kansas,Trego County Sheriff's Office,Trego County,TFM,2026-04-20
Kansas,Trego County Sheriff's Office,Trego County,WSO,2026-04-20
Kansas,Wabaunsee County Sheriff's Office,Wabaunsee County,WSO,2025-05-28
Kansas,Wallace County Sheriff's Department,Wallace County,TFM,2026-06-14
Kansas,Wathena Police Department,Doniphan County,TFM,2025-11-14
Kentucky,Adair County Sheriff's Office,Adaitr County,TFM,2026-06-25
Kentucky,Bracken County Sheriff's Office,Bracken County,TFM,2025-05-08
Kentucky,Brodhead Police Department,Rockcastle County,TFM,2026-03-17
Kentucky,Bullitt County Sheriff's Office,Bullitt County,TFM,2026-03-28
Kentucky,Burkesville Police Department,Cumberland County,TFM,2026-06-23
Kentucky,Butler County Sheriff's Office,Butler County,TFM,2025-09-09
Kentucky,Carlisle County Sheriff's Office,Carlisle County,TFM,2025-12-08
Kentucky,Carroll County Sheriff's Office,Carroll County,TFM,2026-02-23
Kentucky,Clay County Sheriff's Office,Clay County,TFM,2026-03-19
Kentucky,Clinton County Sheriff's Office,Clinton County,TFM,2025-09-09
Kentucky,Daviess County Sheriff's Office,Daviess County,TFM,2025-03-10
Kentucky,Falmouth Police Department,Pendleton County,TFM,2026-01-30
Kentucky,Ferguson Police Department,Pulaski County,TFM,2026-06-09
Kentucky,Fulton County Sheriff's Office,Fulton County,TFM,2025-11-10
Kentucky,Gallatin County Sheriff's Office,Gallatin County,TFM,2026-04-27
Kentucky,Garrard County Sheriff's Office,Garrard County,TFM,2026-07-20
Kentucky,Glasgow Police Department,Barren County,TFM,2026-03-31
Kentucky,Grayson County Detention Center,Grayson County,JEM,2025-03-05
Kentucky,Grayson County Detention Center,Grayson County,WSO,2025-03-05
Kentucky,Grayson County Sheriff’s Office,Grayson County,TFM,2025-03-05
Kentucky,Hart County Sheriff's Office,Hart County,TFM,2026-06-22
Kentucky,Hazard Police Department,Perry County,TFM,2026-03-06
Kentucky,Heritage Creek Police Department,#N/A,TFM,2025-04-29
Kentucky,Hickman County Sheriff's Office,Hickman County,TFM,2025-11-14
Kentucky,Hickman Police Department,Fulton County,TFM,2026-01-07
Kentucky,Jackson County Sheriff's Office,Jackson County,TFM,2026-03-24
Kentucky,Kenton County Sheriff's Office,Kenton County,JEM,2025-05-02
Kentucky,Laurel County Sheriff's Office,Laurel County,TFM,2026-01-07
Kentucky,Letcher County Sheriff's Office,Letcher County,TFM,2026-03-23
Kentucky,Livingston Police Department,Rockcastle County,TFM,2026-04-05
Kentucky,Lyon County Sheriff's Office,Lyon County,TFM,2025-05-08
Kentucky,Manchester Police Department,Clay County,TFM,2026-06-17
Kentucky,Marshall County Sheriff's Office,Marshall County,TFM,2025-05-08
Kentucky,McCracken County Sheriff's Office,McCracken County,TFM,2026-01-26
Kentucky,Middlesboro Police Department,Bell County,TFM,2026-03-08
Kentucky,Montgomery County Sheriff's Office,Montgomery County,TFM,2025-12-08
Kentucky,Morganfield Police Department,Union County,TFM,2026-06-09
Kentucky,Oldham County Detention Center,Oldham County,JEM,2025-03-10
Kentucky,Oldham County Detention Center,Oldham County,WSO,2025-03-10
Kentucky,Oldham County Sheriff's Office,Oldham County,TFM,2026-05-05
Kentucky,Pendleton County Sheriff's Office,Pendleton County,TFM,2026-01-26
Kentucky,Rockcastle County Sheriff's Office,Rockcastle County,TFM,2026-03-06
Kentucky,Rowan County Sheriff's Office,Rowan County,TFM,2026-02-18
Kentucky,Scott County Sheriff's Office,Scott County,TFM,2025-07-02
Kentucky,Union County Sheriff's Office,Union County,TFM,2025-05-16
Kentucky,Warsaw Police Department,Gallatin County,TFM,2026-06-23
Kentucky,Wayne County Sheriff's Office,Wayne County,TFM,2026-04-15
Kentucky,West Liberty Police Department,Morgan County,TFM,2026-04-29
Kentucky,Whitley County Sheriff's Office,Whitley County,TFM,2026-07-03
Kentucky,Williamsburg Police Department,Whitely County,TFM,2026-05-12
Kentucky,Winchester Police Department,Clark County,TFM,2026-01-07
Louisiana,Arnaudville Police Department,Saint Landry County,TFM,2025-07-11
Louisiana,Beauregard Parish Sheriff's Office,Beauregard Parish,TFM,2025-05-16
Louisiana,Benton Police Department,Bossier Parish,TFM,2026-06-29
Louisiana,Bossier Parish Sheriff's Office,Bossier Parish,JEM,2025-02-28
Louisiana,Calcasieu Parish Sheriff's Office,Calcasieu Parish,JEM,2026-06-07
Louisiana,Calcasieu Parish Sheriff's Office,Calacasieu Parish,WSO,2025-12-10
Louisiana,Caldwell Parish Sheriff's Office,Caldwell Parish,TFM,2026-04-17
Louisiana,Columbia Police Department,Caldwell Parish,TFM,2026-04-07
Louisiana,Creola Police Department,Grant Parish,TFM,2026-06-15
Louisiana,Denham Springs City Marshal,Livingston Parish,TFM,2026-06-30
Louisiana,Dry Prong Police Department,Grant Parish,TFM,2026-06-17
Louisiana,Duson Police Department,Lafayette Parish,TFM,2026-07-20
Louisiana,Georgetown Police Department,Grant Parish,TFM,2026-06-22
Louisiana,Gonzales Police Department,Ascension Parish,TFM,2026-05-13
Louisiana,Grant Parish Sheriff's Office,Grant Parish,TFM,2026-06-22
Louisiana,Grant Parish Sheriff's Office,Grant Parish,WSO,2026-06-22
Louisiana,Grayson Police Department,Caldwell Parish,TFM,2026-04-17
Louisiana,Greenwood Police Department,#NA,TFM,2025-07-15
Louisiana,Gretna Police Department,Jefferson Parish,TFM,2025-08-28
Louisiana,Gueydan Police Department,Vermilion Parish,TFM,2025-12-12
Louisiana,Hammond Police Department,Tangipahoa Parish,TFM,2025-10-17
Louisiana,Hammond Police Department,Tangipahoa Parish,WSO,2025-10-17
Louisiana,Jackson Marshals Office,East Feliciana Parish,TFM,2026-06-30
Louisiana,Jennings Police Department,Jefferson Davis Parish,TFM,2026-06-14
Louisiana,Kenner Police Department,Jefferson Parish,JEM,2025-03-17
Louisiana,Kenner Police Department,Jefferson Parish,TFM,2025-10-17
Louisiana,Kinder Police Department,Allen Parish,TFM,2026-06-12
Louisiana,Krotz Springs Police Department,St. Landry Parish,TFM,2026-06-09
Louisiana,Lafayette Parish Sheriff's Office,Lafayette Parish,TFM,2025-12-11
Louisiana,Lafayette Parish Sheriff's Office,Lafayette Parish,WSO,2025-12-11
Louisiana,Lafourche Parish Sheriff's Office,Lafourche Parish,WSO,2025-06-11
Louisiana,Lake Arthur Police Department,Jefferson Davis Parish,TFM,2026-05-12
Louisiana,LaSalle Parish Sheriff's Office,LaSalle Parish,TFM,2026-04-29
Louisiana,Leesville Police Department,Vernon Parish,TFM,2026-07-20
Louisiana,Livingston Parish Sheriff's Office,Livingston Parish,TFM,2026-04-09
Louisiana,Livingston Police Department,Livingston Parish,TFM,2026-07-03
Louisiana,Louisiana Alcohol and Tobacco Control,#N/A,TFM,2025-05-20
Louisiana,Louisiana Department of Public Safety & Corrections,#NA,JEM,2025-07-24
Louisiana,Louisiana Department of Public Safety & Corrections,#NA,WSO,2025-07-24
Louisiana,Louisiana Department of Wildlife & Fisheries,#N/A,TFM,2025-05-20
Louisiana,Louisiana Military Department,#N/A,TFM,2025-05-20
Louisiana,Louisiana Office of the State Fire Marshal,#N/A,TFM,2025-05-20
Louisiana,Louisiana State Police Department,#N/A,TFM,2025-05-20
Louisiana,Many Police Department,Sabine Parish,TFM,2026-06-29
Louisiana,Morehouse Parish Sheriff's Office,Morehouse Parish,TFM,2026-06-30
Louisiana,Morgan City Police Department,St. Mary Parish,TFM,2026-07-09
Louisiana,Morse Police Department,Arcadia County,TFM,2025-10-17
Louisiana,Olla Police Department,LaSalle Parish,TFM,2026-04-29
Louisiana,Ouachita Parish Sheriff's Office,Ouachita Parish,TFM,2025-12-10
Louisiana,Ouachita Parish Sheriff's Office,Ouachita Parish,WSO,2025-07-02
Louisiana,Pearl River Police Department,St. Tammany Parish,TFM,2025-09-22
Louisiana,Plaquemines Parish Sheriff's Office,Plaquemines Parish,TFM,2025-06-11
Louisiana,Plaquemines Parish Sheriff's Office,Plaquemines Parish,WSO,2025-05-28
Louisiana,Pointe Coupee Parish Sheriff's Office,Pointe Coupee Parish,JEM,2026-04-27
Louisiana,Pointe Coupee Parish Sheriff's Office,Pointe Coupee Parish,TFM,2026-04-27
Louisiana,Pointe Coupee Parish Sheriff's Office,Pointe Coupee Parish,WSO,2026-04-29
Louisiana,Pollock Police Department,Grant Parish,TFM,2026-07-20
Louisiana,Richland Parish Sheriff's Office,Richland County,TFM,2026-06-25
Louisiana,Rosedale Police Department,Iberville Parish,TFM,2026-06-09
Louisiana,Sabine Parish Sheriff's Office,Sabine Parish,TFM,2026-07-10
Louisiana,St. Bernard Parish Sheriff's Office,Chalmette Parish,JEM,2026-03-23
Louisiana,St. Charles Parish Sheriff's Office,German Coast County,WSO,2025-07-24
Louisiana,Tangipahoa Parish Sheriff's Office,Tangipahoa Parish,TFM,2026-07-10
Louisiana,Tullos Police Department,LaSalle Parish,TFM,2026-05-09
Louisiana,Urania Police Department,La Salle Parish,TFM,2026-07-07
Louisiana,Vernon Parish Sheriff's Office,Vernon Parish,TFM,2026-06-15
Louisiana,Ward 5 Marshal's Office,Allen Parish,TFM,2025-12-15
Louisiana,Winn Parish Sheriff's Office,Winn Parish,TFM,2026-04-25
Massachusetts,Massachusetts Department of Corrections,#N/A,JEM,2020-06-08
Michigan,Berrian County Sheriff's Office,Berrian County,WSO,2025-05-06
Michigan,Calhoun County Sheriff's Office,Calhoun County,WSO,2025-05-07
Michigan,Crawford County Sheriff's Office,Crawford County,TFM,2025-09-09
Michigan,Jackson County Sheriff's Office,Jackson County,WSO,2025-03-19
Michigan,Livingston County Sheriff's Office,Livingston County,WSO,2026-07-20
Michigan,Roscommon County Sheriff's Office,Roscommon County,TFM,2025-06-05
Michigan,Taylor Police Department,#N/A,TFM,2025-04-28
Michigan,West Branch Police Department,Ogemaw County,TFM,2025-11-04
Minnesota,Cass County Sheriff's Office,Cass County,TFM,2025-02-28
Minnesota,Crow Wing County Sheriff's Office,Crow Wing County,TFM,2025-03-25
Minnesota,Crow Wing County Sheriff's Office,Crow Wing County,WSO,2025-03-26
Minnesota,Freeborn County Sheriff's Office,Freeborn County,WSO,2025-03-26
Minnesota,International Falls Police Department,Koochiching County,TFM,2026-04-17
Minnesota,Isle Police Department,Mille Lacs County,TFM,2026-01-26
Minnesota,Itasca County Sheriff's Office,Itasca County,TFM,2025-02-27
Minnesota,Kandiyohi County Sheriff's Office,Kandiyohi County,WSO,2025-05-22
Minnesota,Mille Lacs County Sheriff's Office,Mille Lacs County,TFM,2025-06-18
Minnesota,Sherburne County Sheriff's Office,Sherburne County,JEM,2025-10-17
Mississippi,Attala County Sheriff's Department,Attala County,TFM,2026-06-17
Mississippi,Blue Mountain Police Department,Tippah County,TFM,2026-06-23
Mississippi,Blue Springs Police Department,Union County,TFM,2026-07-10
Mississippi,Carroll County Sheriff's Department,Carroll County,TFM,2026-04-23
Mississippi,Carthage Police Department,Leake County,TFM,2026-02-10
Mississippi,Clay County Sheriff's Department,Clay County,TFM,2026-03-21
Mississippi,Cleveland Police Department,Bolivar County,TFM,2026-07-07
Mississippi,Corinth Police Department,Alcorn County,TFM,2026-07-20
Mississippi,Flora Police Department,Madison County,TFM,2026-06-18
Mississippi,Forest Police Department,Scott County,TFM,2026-06-17
Mississippi,Grenada County Sheriff's Office,Grenada County,TFM,2026-04-25
Mississippi,Guntown Police Department,Lee County,TFM,2026-06-25
Mississippi,Harrison County Sheriff's Office,Harrison County,JEM,2025-06-30
Mississippi,Harrison County Sheriff's Office,Harrison County,WSO,2025-07-02
Mississippi,Kemper County Sheriff's Office,Kemper County,TFM,2026-05-12
Mississippi,Lauderdale County Sheriff's Office,Lauderdale County,WSO,2025-07-31
Mississippi,Leake County Sheriff's Office,Leake County,TFM,2026-02-23
Mississippi,Louisville Police Department,Winston County,TFM,2026-02-17
Mississippi,Luka Police Department,Tishomingo County,TFM,2026-07-13
Mississippi,Mississippi Attorney General's Office,#N/A,TFM,2025-03-17
Mississippi,Mississippi Department of Corrections,Hinds County,JEM,2026-05-14
Mississippi,Mississippi Department of Corrections,Hinds County,TFM,2026-05-14
Mississippi,Mississippi Department of Corrections,Hinds County,WSO,2026-05-14
Mississippi,Mississippi Department of Public Safety,Hinds County,TFM,2025-12-08
Mississippi,Mississippi Department of Wildlife Fisheries and Parks,Hinds County,TFM,2026-06-29
Mississippi,Mississippi Office of the State Auditor,Hinds County,TFM,2025-09-22
Mississippi,Mize Police Department,Smith County,TFM,2026-07-07
Mississippi,Monroe County Sheriff's Office,Monroe County,JEM,2025-06-11
Mississippi,Monroe County Sheriff's Office,Monroe County,TFM,2026-04-30
Mississippi,Montgomery County Sheriff's Department,Montgomery County,TFM,2026-04-15
Mississippi,Neshoba County Sheriff's Office,Neshoba County,TFM,2026-02-10
Mississippi,Newton County Sheriff's Department,Newton County,TFM,2026-02-10
Mississippi,Noxubee County Sheriff's Office,Noxubee County,TFM,2026-04-29
Mississippi,Panola County Sheriff's Office,Panola County,TFM,2026-04-29
Mississippi,Pearl Police Department,Rankin County,TFM,2026-02-10
Mississippi,Pearl River County Sheriff's Department,Pearl County,TFM,2026-06-02
Mississippi,Pontotoc Police Department,Pontotoc County,TFM,2026-06-25
Mississippi,Prentiss County Constable Northern District,Prentiss Couty,TFM,2026-07-02
Mississippi,Rankin County Sheriff's Department,Rankin County,JEM,2026-05-21
Mississippi,Rankin County Sheriff's Department,Rankin County,TFM,2026-05-21
Mississippi,Sandersville Police Department,Jones County,TFM,2026-07-20
Mississippi,Scott County Sheriff's Office,Scott County,TFM,2026-05-12
Mississippi,Smith County Sheriff's Office,Smith County,TFM,2026-04-21
Mississippi,Smithville Police Department,Monroe County,TFM,2026-07-20
Mississippi,Stone County Sheriff's Office,Stone County,TFM,2025-07-07
Mississippi,Sumrall Police Department,Lamar County,TFM,2025-10-17
Mississippi,Tate County Sheriff's Office,Tate County,TFM,2026-02-25
Mississippi,Tate County Sheriff's Office,Tate County,WSO,2026-02-25
Mississippi,Tishomingo County Sheriff's Department,Tishomingo County,TFM,2026-05-09
Mississippi,Tishomingo County Sheriff's Department,Tishomingo County,WSO,2026-06-12
Mississippi,Union Police Department,Newton County,TFM,2026-02-10
Mississippi,Wayne County Sheriff's Department,Wayne County,TFM,2026-01-26
Mississippi,Webster County Sheriff's Office,Webster County,TFM,2026-04-08
Mississippi,Wiggins Police Department,Stone County,TFM,2026-02-23
Mississippi,Winston County Sheriff's Department,Winston County,TFM,2026-05-24
Missouri,Ash Grove Police Department,Greene County,TFM,2025-11-19
Missouri,Ava Police Department,Douglas County,TFM,2025-11-19
Missouri,Billings Police Department,Christian County,TFM,2026-06-17
Missouri,Bismarck Police Department,Saint Francois County,TFM,2026-03-19
Missouri,Bollinger County Sheriff's Office,Bollinger County,TFM,2026-07-03
Missouri,Bonne Terre Police Department,St. Francois County,TFM,2026-05-12
Missouri,Bowling Green Police Department,Pike County,TFM,2026-04-05
Missouri,Branson Police Department,Taney County,TFM,2026-02-18
Missouri,Breckenridge Hills Police Department,St. Louis County,TFM,2026-03-06
Missouri,Cabool Police Department,Texas County,TFM,2026-04-05
Missouri,Callaway County Sheriff's Office,Callaway County,TFM,2026-06-23
Missouri,Carter County Sheriff's Office,Carter County,TFM,2026-03-17
Missouri,Chaffee Police Department,Scott County,TFM,2026-05-18
Missouri,Christian County Sheriff's Office,Christian County,TFM,2025-07-07
Missouri,Christian County Sheriff's Office,Christian County,WSO,2025-03-26
Missouri,Clinton County Sheriff's Office,Clinton County,TFM,2026-07-07
Missouri,Clinton County Sheriff's Office,Clinton County,WSO,2026-07-07
Missouri,Country Club Hills Police Department,St. Louis County,TFM,2026-03-02
Missouri,Crane Police Department,Stone County,TFM,2025-11-20
Missouri,Crawford County Sheriff's Office,Crawford County,TFM,2026-04-29
Missouri,Dallas County Sheriff's Office,Dallas County,TFM,2026-02-18
Missouri,Daviess County Sheriff's Office,Daviess County,TFM,2026-04-15
Missouri,Dekalb County Sheriff's Office,Dekalb County,TFM,2026-04-05
Missouri,Desloge Police Department,St. Francois County,TFM,2026-06-16
Missouri,Dexter Police Department,Stoddard County,TFM,2026-06-16
Missouri,Dixon Police Department,Pulaski County,TFM,2026-03-03
Missouri,Doolittle Police Department,Phelps County,TFM,2026-03-25
Missouri,Douglas County Sheriff's Office,Douglas County,TFM,2025-11-19
Missouri,Dunklin County Sheriff's Office,Dunklin County,TFM,2026-03-23
Missouri,El Dorado Springs Police Department,Cedar County,TFM,2026-03-31
Missouri,Ellington Police Department,Reynolds County,TFM,2026-02-18
Missouri,Ellisville Police Department,St. Louis County,TFM,2026-04-22
Missouri,Elsberry Police Department,Lincoln County,TFM,2026-02-23
Missouri,Forsyth Police Department,Taney County,TFM,2026-05-21
Missouri,Gentry County Sheriff's Office,Gentry County,TFM,2026-07-07
Missouri,Gerald Police Department,Franklin County,TFM,2026-04-22
Missouri,Goodman Police Department,McDonald County,TFM,2025-09-22
Missouri,Goodman Police Department,McDonald County,WSO,2025-09-22
Missouri,Grundy County Sheriff's Office,Grundy County,TFM,2026-01-26
Missouri,Hallsville Police Department,Boone County,TFM,2026-04-15
Missouri,Harrison County Sheriff's Office,Harrison County,TFM,2026-07-07
Missouri,Hawk Point Police Department,Lincoln County,TFM,2026-02-14
Missouri,Hillsdale Police Department,St. Louis County,TFM,2026-02-25
Missouri,Hollister Police Department,Taney County,TFM,2026-06-30
Missouri,Houston Police Department,Texas County,TFM,2025-12-17
Missouri,Humansville Police Department,Polk County,TFM,2026-03-11
Missouri,Indian Point Police Department,Taney County,TFM,2026-06-12
Missouri,Iron County Sheriff's Office,Iron County,TFM,2026-05-31
Missouri,Jefferson County Sheriff's Office,Jefferson County,TFM,2026-01-26
Missouri,Kennett Police Department,Dunklin County,TFM,2026-05-17
Missouri,Lawrence County Sheriff's Office,Lawrence County,TFM,2025-12-08
Missouri,Leadington Police Department,St. Francois County,TFM,2026-06-25
Missouri,Leadwood Police Department,St. Francois County,TFM,2026-05-05
Missouri,Licking Police Department,Texas County,TFM,2026-04-21
Missouri,Lincoln County Sheriff's Office,Lincoln County,TFM,2026-02-10
Missouri,Madison County Sheriff's Office,Madison County,TFM,2026-03-17
Missouri,Mansfield Police Department,Wright County,TFM,2026-01-07
Missouri,Mercer County Sheriff's Office,Mercer County,TFM,2026-07-02
Missouri,Merriam Woods Police Department,Taney County,TFM,2026-01-07
Missouri,Miller County Sheriff's Office,Miller County,TFM,2026-05-13
Missouri,Mississippi County Sheriff's Office,Mississippi County,TFM,2026-04-07
Missouri,Mississippi County Sheriff's Office,Mississippi County,WSO,2026-04-07
Missouri,Missouri Highway Patrol,#N/A,TFM,2025-03-21
Missouri,Moniteau County Sheriff's Office,Moniteau County,TFM,2026-06-30
Missouri,Morgan County Sheriff's Office,Morgan County,JEM,2026-05-14
Missouri,Morgan County Sheriff's Office,Morgan County,TFM,2026-05-14
Missouri,Morrisville Police Department,Polk County,TFM,2026-06-25
Missouri,Mountain Grove Police Department,Wright County,TFM,2025-12-08
Missouri,New Madrid County Sheriff's Office,New Madrid County,TFM,2026-01-26
Missouri,North County Police Cooperative,North County,TFM,2026-04-22
Missouri,Oak Grove Village Police Department,Franklin County,TFM,2026-04-17
Missouri,Ozark County Sheriff's Office,Ozark County,TFM,2025-11-04
Missouri,Ozark County Sheriff's Office,Ozark County,WSO,2025-11-04
Missouri,Park Hills Police Department,St. Francois County,TFM,2026-07-20
Missouri,Perryville Police Department,Perry County,TFM,2026-02-17
Missouri,Pettis County Sheriff's Office,Pettis County,JEM,2025-08-28
Missouri,Pettis County Sheriff's Office,Pettis County,TFM,2026-04-25
Missouri,Pevely Police Department,Jefferson County,TFM,2026-06-30
Missouri,Phelps County Sheriff's Department,Phelps County,TFM,2025-10-17
Missouri,Pineville Police Department,McDonald County,TFM,2026-01-26
Missouri,Potosi Police Department,Washington County,TFM,2026-03-24
Missouri,Pulaski County Sheriff's Office,Pulaski County,TFM,2025-07-29
Missouri,Pulaski County Sheriff's Office,Pulaski County,WSO,2025-07-29
Missouri,Reeds Spring Police Department,Stone County,TFM,2026-01-26
Missouri,Reynolds County Sheriff's Office,Reynolds County,TFM,2026-02-25
Missouri,Ripley County Sheriff's Office,Ripley County,TFM,2025-12-18
Missouri,Saint Ann Police Department,St. Louis County,TFM,2026-02-23
Missouri,Saint Charles County Police Department,St. Charles County,TFM,2026-04-15
Missouri,Saint Francois County Sheriff's Office,Saint Francois County,TFM,2026-03-19
Missouri,Saint John Police Department,St. Louis County,TFM,2026-07-07
Missouri,Scott County Sheriff's Office,Scott County,TFM,2026-03-13
Missouri,Seligman Police Department,Barry County,TFM,2026-02-18
Missouri,Seymour Police Department,Webster County,TFM,2026-01-07
Missouri,Southwest City Police Department,McDonald County,TFM,2025-09-09
Missouri,Sparta Police Department,Christian County,TFM,2025-11-04
Missouri,Ste. Genevieve County Sheriff's Office,Ste. Genevieve County,TFM,2025-12-16
Missouri,Ste. Genevieve County Sheriff's Office,Ste. Genevieve County,WSO,2025-12-16
Missouri,Ste. Genevieve Police Department,Ste. Genevieve County,TFM,2025-12-10
Missouri,Stoddard County Sheriff's Office,Stoddard County,TFM,2026-02-23
Missouri,Stone County Sheriff's Office,Stone County,TFM,2026-03-24
Missouri,Strafford Police Department,Greene County,TFM,2026-07-20
Missouri,Sullivan County Sheriff's Office,Sullivan County,TFM,2026-07-20
Missouri,Taney County Sheriff's Office,Taney County,TFM,2026-05-26
Missouri,Texas County Sheriff's Office,Texas County,TFM,2026-04-08
Missouri,Texas County Sheriff's Office,Texas County,WSO,2026-04-08
Missouri,Walnut Grove Police Department,Greene County,TFM,2025-12-02
Missouri,Washburn Police Department,Barry County,WSO,2025-10-17
Missouri,Washburn Police Department,Barry County,TFM,2025-11-04
Missouri,Washington County Sheriff's Office,Washington County,TFM,2026-01-26
Missouri,Wayne County Sheriff's Office,Wayne County,TFM,2026-03-17
Missouri,Webster County Sheriff's Office,Webster County,TFM,2025-11-06
Missouri,Wheaton Police Department,Barry County,TFM,2026-02-14
Missouri,Willow Springs Police Department,Howell County,TFM,2026-01-07
Missouri,Winfield Police Department,Lincoln County,TFM,2026-03-01
Missouri,Woodson Terrace Police Department,St. Louis County,TFM,2026-02-18
Missouri,Wright County Sheriff's Office,Wright County,TFM,2025-12-11
Missouri,Wright County Sheriff's Office,Wright County,WSO,2025-12-11
Montana,Carter County Sheriff's Office,Carter County,TFM,2026-04-09
Montana,Flathead County Sheriff's Office,Flathead County,WSO,2020-02-12
Montana,Gallatin County Sheriff's Office,Gallatin County,WSO,2020-01-22
Montana,Garfield County Sheriff's Office,Garfield County,TFM,2025-08-28
Montana,Montana Department of Justice,#N/A,TFM,2025-03-05
Montana,Treasure County Sheriff's Office,Treasure County,TFM,2026-03-11
Nebraska,Banner County Sheriff's Office,Banner County,TFM,2025-08-28
Nebraska,Beatrice Police Department,Gage County,TFM,2026-05-17
Nebraska,Colfax County Sheriff's Office,Colfax County,TFM,2026-07-20
Nebraska,Dakota County Sheriff's Office,Dakota County,JEM,2020-06-09
Nebraska,Fillmore County Sheriff's Office,Fillmore County,TFM,2026-07-07
Nebraska,Greeley County Sheriff's Office,Greeley County,TFM,2026-07-09
Nebraska,Nebraska Department of Correctional Services,Lincoln County,JEM,2025-10-15
Nebraska,Nebraska State Patrol,#NA,TFM,2025-08-28
Nebraska,Sioux County Sheriff's Office,Sioux County,TFM,2025-09-09
Nevada,Douglas County Sheriff's Office,Douglas County,WSO,2025-02-19
Nevada,Las Vegas Metropolitan Police Department,Clark County,WSO,2025-06-16
Nevada,Lyon County Sheriff's Office,Lyon County,JEM,2025-06-03
Nevada,Lyon County Sheriff's Office,Lyon County,WSO,2025-06-03
Nevada,Mineral County Sheriff's Office,Mineral County,WSO,2025-03-10
New Hampshire,Auburn Police Department,Rockingham County,TFM,2026-01-07
New Hampshire,Belknap County Sheriff's Office,Belknap County,TFM,2025-03-03
New Hampshire,Brentwood Police Department,Rockingham County,TFM,2026-05-17
New Hampshire,Candia Police Department,#N/A,TFM,2025-04-23
New Hampshire,Carroll Police Department,#N/A,TFM,2025-07-02
New Hampshire,Chester Police Department,Rockingham County,TFM,2026-05-01
New Hampshire,Chichester Police Department,Merrimack County,TFM,2026-07-20
New Hampshire,Colebrook Police Department,#N/A,TFM,2025-03-05
New Hampshire,Danville Police Department,Rockingham County,TFM,2026-07-20
New Hampshire,Epping Police Department,Rockingham County,TFM,2026-01-26
New Hampshire,Gorham Police Department,#N/A,TFM,2025-02-26
New Hampshire,Hillsboro Police Department,Hillsborough County,TFM,2026-05-31
New Hampshire,Hillsborough County Sheriff's Office,Hillsborough County,TFM,2025-05-22
New Hampshire,Kingston Police Department,Rockingham County,TFM,2026-05-09
New Hampshire,Milton Police Department,Strafford County,TFM,2026-05-12
New Hampshire,New Boston Police Department,Hillsborough County,TFM,2026-06-09
New Hampshire,New Durham Police Department,Strafford County,TFM,2026-06-22
New Hampshire,New Hampshire State Police Department,#N/A,TFM,2025-04-25
New Hampshire,Newton Police Department,Rockingham County,TFM,2026-05-14
New Hampshire,Ossipee Police Department,#N/A,TFM,2025-03-03
New Hampshire,Pittsburgh Police Department,#N/A,TFM,2025-03-03
New Hampshire,Pittsfield Police Department,Merrimack County,TFM,2026-05-12
New Hampshire,Rockingham County Sheriff's Office,Rockingham County,TFM,2025-04-24
New Hampshire,South Hampton Police Department,Rockingham County,TFM,2026-06-22
New Hampshire,Troy Police Department,#N/A,TFM,2025-03-17
New Hampshire,Weare Police Department,Hillsborough County,TFM,2026-06-02
New Hampshire,Whitefield Police Department,Coos County,TFM,2026-03-25
New Mexico,Curry County Sheriff's Office,Curry County,WSO,2025-05-13
New Mexico,Torrance County Sheriff's Office,Torrance County,WSO,2026-03-28
New York,Allegany Village Police Department,Cattaraugus County,TFM,2026-01-07
New York,Broome County Sheriff's Office,Broome County,WSO,2025-03-10
New York,Camden Police Department,#N/A,TFM,2025-07-02
New York,Cattaraugus County Sheriff's Office,Cattaraugus County,TFM,2025-11-19
New York,Madison County Sheriff's Office,Madison County,WSO,2025-07-02
New York,Nassau County Police Department,Nassau County,TFM,2025-03-10
New York,Nassau County Sheriff's Office,Nassau County,WSO,2025-02-28
New York,Niagara County Sheriff's Office,Niagara County,TFM,2025-05-08
New York,Niagara County Sheriff's Office,Niagara County,WSO,2025-05-07
New York,Otsego County Sheriff's Office,Otsego County,WSO,2025-10-17
New York,Rensselaer County Sheriff's Office,Rensselaer County,JEM,2020-06-10
New York,Steuben County Sheriff's Office,Steuben County,TFM,2025-07-23
New York,Steuben County Sheriff's Office,Steuben County,WSO,2025-07-29
North Carolina,Alamance County Sheriff's Office,Alamance County,WSO,2020-05-21
North Carolina,Avery County Sheriff's Office,Avery County,WSO,2020-07-23
North Carolina,Beulaville Police Department,Duplin County,TFM,2025-10-17
North Carolina,Brookford Police Department,Catawba County,TFM,2025-09-09
North Carolina,Brunswick County Sheriff's Office,Brunswick County,WSO,2020-07-23
North Carolina,Cabarrus County Sheriff's Office,Cabarrus County,JEM,2020-03-11
North Carolina,Caldwell County Sheriff's Office,Caldwell County,WSO,2020-03-19
North Carolina,Carteret County Sheriff's Office,Carteret County,WSO,2025-05-13
North Carolina,Catawba County Sheriff's Office,Catawba County,WSO,2025-06-11
North Carolina,Cherokee County Sheriff's Office,Cherokee County,WSO,2025-03-10
North Carolina,Cleveland County Sheriff's Office,Cleveland County,WSO,2020-01-16
North Carolina,Columbus County Sheriff's Office,Columbus County,TFM,2025-09-22
North Carolina,Columbus County Sheriff's Office,Columbus County,WSO,2025-03-05
North Carolina,Craven County Sheriff's Office,Craven County,WSO,2025-03-10
North Carolina,Duplin County Sheriff's Office,Duplin County,WSO,2020-06-25
North Carolina,Gaston County Sheriff's Office,Gaston County,JEM,2020-06-09
North Carolina,Henderson County Sheriff's Office,Henderson County,JEM,2020-06-09
North Carolina,Kenansville Police Department,Duplin County,TFM,2026-05-05
North Carolina,Lincoln County Sheriff's Office,Lincoln County,WSO,2020-06-05
North Carolina,Nash County Sheriff's Office,Nash County,WSO,2020-01-29
North Carolina,Newland Police Department,Avery County,TFM,2025-10-17
North Carolina,Onslow County Sheriff's Office,Onslow County,TFM,2025-11-04
North Carolina,Onslow County Sheriff's Office,Onslow County,WSO,2025-03-26
North Carolina,Person County Sheriff's Office,Person County,WSO,2026-04-13
North Carolina,Randolph County Sheriff's Office,Randolph County,WSO,2020-05-21
North Carolina,Robbins Police Department,Moore County,TFM,2025-12-11
North Carolina,Rockingham County Sheriff's Office,Rockingham County,WSO,2019-12-31
North Carolina,Union County Sheriff's Office,Union County,WSO,2025-05-07
North Dakota,Bowman County Sheriff's Office,Bowman County,TFM,2025-12-02
North Dakota,Bowman County Sheriff's Office,Bowman County,WSO,2025-06-17
North Dakota,Burke County Sheriff's Office,Burke County,TFM,2026-03-13
North Dakota,Dickinson Police Department,#N/A,TFM,2025-03-07
North Dakota,Dunn County Sheriff's Office,Dunn County,TFM,2025-03-10
North Dakota,Dunn County Sheriff's Office,Dunn County,WSO,2025-03-10
North Dakota,Eddy County Sheriff's Office,Eddy County,TFM,2025-05-08
North Dakota,McKenzie County Sheriff's Office,McKenzie County,TFM,2025-03-17
North Dakota,Mercer County Sheriff's Office,Mercer County,TFM,2025-06-13
North Dakota,North Dakota Bureau of Criminal Investigation,Burleigh County,TFM,2026-07-20
North Dakota,Ramsey County Sheriff's Office,Ramsey County,TFM,2025-06-13
North Dakota,Renville County Sheriff's Office,Renville County,TFM,2025-11-21
North Dakota,Renville County Sheriff's Office,Renville County,WSO,2025-11-21
North Dakota,Williams County Sheriff's Office,Williams County,JEM,2026-04-13
North Dakota,Williams County Sheriff's Office,Williams County,TFM,2026-04-13
North Dakota,Williams County Sheriff's Office,Williams County,WSO,2026-04-13
Northern Mariana Islands,CNMI Department of Corrections,#NA,JEM,2026-01-26
Northern Mariana Islands,CNMI Department of Public Safety,#NA,TFM,2026-01-26
Ohio,Aberdeen Police Department,Brown County,TFM,2026-02-23
Ohio,Butler County Sheriff's Office,Butler County,JEM,2025-02-24
Ohio,Butler County Sheriff's Office,Butler County,TFM,2025-04-02
Ohio,Clermont County Sheriff's Office,Clermont County,TFM,2025-11-04
Ohio,Dalton Police Department,Wayne County,TFM,2026-04-17
Ohio,Fayette County Sheriff's Office,Fayette County,WSO,2025-06-17
Ohio,Fayetteville Police Department,Brown County,TFM,2025-12-10
Ohio,Geauga County Sheriff's Office,Geauga County,TFM,2026-07-03
Ohio,Gratis Police Department,Preble County,TFM,2025-11-04
Ohio,Jamestown Police Department,Greene County,TFM,2026-03-13
Ohio,Lake County Sheriff's Office,Lake County,TFM,2025-05-28
Ohio,Lake County Sheriff's Office,Lake County,WSO,2025-05-28
Ohio,North Hampton Police Department,Clark County,TFM,2026-06-29
Ohio,Peebles Police Department,Adams County,TFM,2025-12-08
Ohio,Portage County Sheriff's Office,Portage County,TFM,2025-03-17
Ohio,Portage County Sheriff's Office,Portage County,WSO,2025-03-17
Ohio,Russellville Police Department,Brown County,TFM,2026-01-26
Ohio,Sardinia Police Department,Brown County,TFM,2025-11-14
Ohio,Seneca County Sheriff's Office,Seneca County,TFM,2025-02-28
Ohio,Seneca County Sheriff's Office,Seneca County,WSO,2025-02-28
Ohio,Spencer Police Department,Medina County,TFM,2025-10-17
Ohio,Village of Utica Police Department,Licking County,TFM,2026-07-20
Ohio,Warren County Sheriff's Office,Warren County,TFM,2025-11-14
Oklahoma,Achille Police Department,Bryan County,TFM,2026-01-07
Oklahoma,Adair Police Department,Adair County,TFM,2026-06-03
Oklahoma,Afton Police Department,Ottawa County,TFM,2026-04-25
Oklahoma,Alva Police Department,Wood County,TFM,2026-06-17
Oklahoma,Atoka County Sheriff's Office,Atoka County,TFM,2026-04-27
Oklahoma,Barnsdall Police Department,Osage County,TFM,2025-09-22
Oklahoma,Beggs Police Department,Okmulgee County,TFM,2025-10-17
Oklahoma,Bixby Police Department,Tulsa County,TFM,2026-04-30
Oklahoma,Blaine County Sheriff's Office,Blaine County,TFM,2025-09-09
Oklahoma,Blaine County Sheriff's Office,Blaine County,WSO,2025-02-26
Oklahoma,Boise City Police Department,Cimarron County,TFM,2026-03-31
Oklahoma,Bokchito Police Department,Bryant County,TFM,2026-02-10
Oklahoma,Bristow Police Department,Creek County,TFM,2026-06-15
Oklahoma,Caddo Police Department,Bryan County,TFM,2026-03-11
Oklahoma,Canadian County Sheriff's Office,Canadian County,JEM,2020-03-13
Oklahoma,Canadian County Sheriff's Office,Canadian County,TFM,2026-03-19
Oklahoma,Canadian County Sheriff's Office,Canadian County,WSO,2025-08-28
Oklahoma,Caney Police Department,Atoka County,TFM,2026-05-12
Oklahoma,Checotah Police Department,McIntosh County,TFM,2026-04-17
Oklahoma,Chelsea Police Department,Rogers County,TFM,2026-03-06
Oklahoma,Cherokee Police Department,Alfalfa County,TFM,2026-05-21
Oklahoma,Cimarron County Sheriff's Office,Cimarron County,TFM,2026-03-31
Oklahoma,Colbert Police Department,Bryan County,TFM,2026-03-13
Oklahoma,Colcord Police Department,Delaware County,TFM,2026-05-21
Oklahoma,Collinsville Police Department,Tulsa County,TFM,2026-04-22
Oklahoma,Craig County Sheriff's Office,Craig County,TFM,2025-10-17
Oklahoma,Creek County Sheriff's Office,Creek County,TFM,2026-04-17
Oklahoma,Custer County Sheriff's Office,Custer Countey,TFM,2026-04-05
Oklahoma,Cyril Police Department,Caddo County,TFM,2026-06-16
Oklahoma,Disney Police Department,Mayes County,TFM,2026-05-14
Oklahoma,Fairland Police Department,Ottawa County,TFM,2026-06-15
Oklahoma,Geary Police Department,Blaine County,TFM,2025-09-09
Oklahoma,Grady County Sheriff's Office,Grady County,TFM,2026-04-05
Oklahoma,Greer County Sheriff's Office,Greer County,TFM,2026-06-30
Oklahoma,Haskell County Sheriff's Office,Haskell County,TFM,2026-03-28
Oklahoma,Hobart Police Department,Kiowa County,TFM,2026-01-07
Oklahoma,Holdenville Police Department,Hughes County,TFM,2026-07-20
Oklahoma,Hughes County Sheriff's Office,Hughes County,TFM,2026-05-12
Oklahoma,Johnston County Sheriff's Office,Johnston County,TFM,2026-05-04
Oklahoma,Keota Police Department,Haskell County,TFM,2026-05-14
Oklahoma,Kiefer Police Department,Creek County,TFM,2026-04-29
Oklahoma,Lincoln County Sheriff's Office,Lincoln County,TFM,2025-10-17
Oklahoma,Lincoln County Sheriff's Office,Lincoln County,WSO,2025-05-13
Oklahoma,Logan County Sheriff's Office,Logan County,JEM,2025-02-28
Oklahoma,Major County Sheriff's Department,Major County,TFM,2025-12-08
Oklahoma,Mannford Police Department,Creek County,TFM,2026-06-12
Oklahoma,McIntosh County Sheriff's Office,McIntosh County,TFM,2026-02-10
Oklahoma,Minco Police Department,Grady County,TFM,2026-05-01
Oklahoma,Mounds Police Department,Creek County,TFM,2026-04-13
Oklahoma,Muskogee County Sheriff's Office,Muskogee County,WSO,2025-04-16
Oklahoma,Noble County Sheriff's Office,Noble County,TFM,2026-04-20
Oklahoma,Nowata Police Department,Nowata County,TFM,2026-04-30
Oklahoma,Office of The District Attorney - Eighth District,Kay County,TFM,2026-05-04
Oklahoma,Okfuskee County Sheriff's Office,Okfuskee County,TFM,2026-04-22
Oklahoma,Oklahoma Bureau of Investigation,#N/A,TFM,2025-02-18
Oklahoma,Oklahoma Bureau of Narcotics,#N/A,TFM,2025-02-18
Oklahoma,Oklahoma Department of Corrections,#N/A,JEM,2025-02-25
Oklahoma,Oklahoma Department of Corrections,#N/A,WSO,2025-02-25
Oklahoma,Oklahoma Department of Public Safety,#N/A,TFM,2025-02-18
Oklahoma,Okmulgee County Criminal Justice Authority,Okmulgee County,WSO,2025-02-24
Oklahoma,Okmulgee County District Attorney's Office,Okmulgee County,TFM,2025-08-28
Oklahoma,Okmulgee County Sheriff's Office,Okmulgee County,TFM,2026-02-25
Oklahoma,Oologah Police Department,Rogers County,TFM,2026-07-03
Oklahoma,Ottawa County Sheriff's Office,Ottawa County,TFM,2025-02-23
Oklahoma,Piedmont Police Department,Canadian County,TFM,2026-05-26
Oklahoma,Porum Police Department,Muskogee County,TFM,2026-04-27
Oklahoma,Quinton Police Department,Pittsburg County,TFM,2026-06-23
Oklahoma,Rogers County Sheriff's Office,Rogers County,TFM,2026-05-31
Oklahoma,Rattan Police Department,Pushmataha County,TFM,2026-07-20
Oklahoma,Roland Police Department,Sequoyah County,TFM,2026-02-17
Oklahoma,Salina Police Department,Mayes County,TFM,2026-05-24
Oklahoma,Sequoyah County Sheriff's Office,Sequoyah County,TFM,2025-10-17
Oklahoma,Sterling Police Department,#N/A,TFM,2025-03-07
Oklahoma,Stigler Police Department,Haskell County,TFM,2026-05-12
Oklahoma,Stratford Police Department,Garvin County,TFM,2026-02-10
Oklahoma,Stringtown Police Department,Atoka County,TFM,2026-03-08
Oklahoma,Talala Police Department,Rogers County,TFM,2026-04-27
Oklahoma,Texas County Sheriff's Office,Texas County,TFM,2026-03-28
Oklahoma,Texas County Sheriff's Office,Texas County,WSO,2025-07-23
Oklahoma,Tillman County Sheriff's Office,Tillman County,TFM,2026-06-09
Oklahoma,Tulsa County Sheriff's Office,Tulsa County,JEM,2020-06-08
Oklahoma,Tulsa County Sheriff's Office,Tulsa County,TFM,2026-07-07
Oklahoma,Tushka Police Department,Atoka County,TFM,2026-04-30
Oklahoma,Union City Police Department,Canadian County,TFM,2026-07-20
Oklahoma,Valley Brook Police Department,Oklahoma County,TFM,2026-06-12
Oklahoma,Vinita Police Department,#N/A,TFM,2025-05-13
Oklahoma,Warner Police Department,Muskogee County,TFM,2026-07-20
Oklahoma,Washita County Sheriff's Office,Washita County,TFM,2026-03-23
Oklahoma,Watts Police Department,Adair County,TFM,2026-06-16
Oklahoma,Weatherford Police Department,Custer County,JEM,2026-06-09
Oklahoma,Weatherford Police Department,Custer County,TFM,2025-12-08
Oklahoma,West Siloam Springs Police Department,Delaware County,TFM,2026-07-09
Pennsylvania,Ashland Borough Police Department,Schuylkill County,TFM,2026-07-20
Pennsylvania,Beaver County Sheriff's Office,Beaver County,TFM,2025-08-28
Pennsylvania,Benton Borough Police Department,Columbia County,TFM,2025-11-04
Pennsylvania,Bessemer Borough Police Department,Lawrence County,TFM,2026-01-26
Pennsylvania,Bradford County Sheriff's Office,Bradford County,WSO,2025-03-26
Pennsylvania,Bradford Police Department,McKean County,TFM,2026-01-26
Pennsylvania,Briar Creek Township Police Department,Columbia County,TFM,2026-05-21
Pennsylvania,Butler County Sheriff's Office,Butler County,TFM,2025-06-12
Pennsylvania,Butler Township Police Department,Luzerne County,TFM,2026-04-23
Pennsylvania,Cambria County Prison,Cambria County,WSO,2025-07-31
Pennsylvania,Carroll Township Police Department,York County,TFM,2026-04-17
Pennsylvania,Catawissa Borough Police Department,Columbia County,TFM,2026-05-14
Pennsylvania,Center Township Police Department,Beaver County,TFM,2025-12-02
Pennsylvania,Chippewa Township Police Department,Beaver County,TFM,2025-12-08
Pennsylvania,Coal Township Police Department,Northumberland County,TFM,2026-06-30
Pennsylvania,Constable Unity Township,Westmoreland County,TFM,2025-07-15
Pennsylvania,Coolspring Township Constable's Office,Mercer County,TFM,2025-07-18
Pennsylvania,Cornwall Borough Police Department,Lebanon County,TFM,2026-02-23
Pennsylvania,County of Franklin / Franklin County Jail,Franklin County,WSO,2025-03-07
Pennsylvania,Covington Township Police Department,Lackawanna County,TFM,2026-07-20
Pennsylvania,Damascus Township Constable,#N/A,TFM,2025-04-29
Pennsylvania,Danville Borough Police Department,Montour County,TFM,2026-05-13
Pennsylvania,East Donegal Township Constables Office,#N/A,TFM,2025-07-15
Pennsylvania,East Franklin Township Police Department,Armstrong County,TFM,2026-01-07
Pennsylvania,East Pennsylvania Township Constable Office,Cumberland County,TFM,2025-08-28
Pennsylvania,Eastern Pike Regional Police Department,Pike County,TFM,2026-05-12
Pennsylvania,Fannett Township Constables Office,Franklin County,TFM,2025-07-24
Pennsylvania,Frackville Borough Police Department,Schuylkill County,TFM,2026-03-17
Pennsylvania,Franklin County Sheriffs Office,Franklin County,TFM,2025-03-10
Pennsylvania,Franklin Township Police Department,Beaver County,TFM,2026-03-01
Pennsylvania,Gaines Township PA State Constable,Tioga County,TFM,2025-10-17
Pennsylvania,Greene Township Constable's Office,Erie County,TFM,2025-07-15
Pennsylvania,Greene Washington Regional Police Department,Greene County,TFM,2026-01-30
Pennsylvania,Hazleton Police Department,Luzerne County,TFM,2026-03-11
Pennsylvania,Hellam Township Police Department,York County,TFM,2026-04-17
Pennsylvania,Hemlock Township Police Department,Columbia County,TFM,2026-05-17
Pennsylvania,Hughesville Borough Police Department,Lycoming County,TFM,2026-03-21
Pennsylvania,Jackson Township Police Department,Luzerne County,TFM,2026-05-05
Pennsylvania,Juniata County Sheriff's Office,Juniata County,TFM,2025-06-11
Pennsylvania,Kittanning Borough Police Department,Armstrong County,TFM,2026-01-08
Pennsylvania,Kline Township Police Department,Schuylkill County,TFM,2026-04-27
Pennsylvania,Lancaster County District Attorney's Office,Lancaster County,TFM,2025-08-28
Pennsylvania,Lancaster County Sheriff's Office,Lancaster County,TFM,2025-04-24
Pennsylvania,Lansdowne Borough Constable's Office,Delaware County,TFM,2025-08-28
Pennsylvania,Lebanon County District Attorney's Office,Lebanon County,TFM,2026-02-10
Pennsylvania,Lebanon County Regional Police Department,Lebanon County,TFM,2026-02-10
Pennsylvania,Lebanon County Sheriff's Office,Lebanon County,TFM,2026-02-10
Pennsylvania,Lewistown Borough Constable's Office,Miffin County,TFM,2026-01-26
Pennsylvania,Locust Township Police Department,Columbia County,TFM,2026-03-31
Pennsylvania,Lower Burrell Fourth Ward Constable,Westmoreland County,TFM,2025-05-16
Pennsylvania,Luzerne County District Attorney's Office,Luzerne County,TFM,2025-07-07
Pennsylvania,Mahanoy City Borough Police Department,Schuylkill County,TFM,2026-02-10
Pennsylvania,Mahoning Township Police Department,Lawrence,TFM,2026-03-31
Pennsylvania,Mahoning TWP Police Department - Montour,Montour County,TFM,2026-04-15
Pennsylvania,Main Township Police Department,Columbia County,TFM,2026-07-20
Pennsylvania,Manheim Borough Police Department,#N/A,TFM,2025-06-18
Pennsylvania,Manor Township Police Department,Armstrong County,TFM,2025-10-17
Pennsylvania,Marion Township Police Department,Beaver County,TFM,2026-06-09
Pennsylvania,McAdoo Borough Police Department,Schuylkill County,TFM,2026-05-13
Pennsylvania,Milton Borough Police Department,Northumberland County,TFM,2026-05-09
Pennsylvania,Minersville Borough Police Department,Schuylkill County,TFM,2026-05-17
Pennsylvania,Montour County Sheriff's Office,Montour County,TFM,2025-06-12
Pennsylvania,Montour Township Police Department,Columbia County,TFM,2026-07-20
Pennsylvania,Montoursville Borough Police Department,Lycoming County,TFM,2026-04-08
Pennsylvania,Mount Carmel Borough Police Department,Northumberland County,TFM,2026-05-24
Pennsylvania,Mount Carmel Township Police Department,Northumberland County,TFM,2026-03-17
Pennsylvania,Mount Holly Springs Borough Police Department,Cumberland County,TFM,2026-02-14
Pennsylvania,Muncy Borough Police Department,Lycoming County,TFM,2026-04-17
Pennsylvania,Nesquehoning Borough Police Department,Carbon County,TFM,2026-07-07
Pennsylvania,New Sewickley Township Police Department,#N/A,TFM,2025-07-02
Pennsylvania,Northern York County Regional Police Department,York County,TFM,2026-04-25
Pennsylvania,Northwest Regional Police Department,#N/A,TFM,2025-04-23
Pennsylvania,Orange Township Police Department,Columbia County,TFM,2026-03-06
Pennsylvania,Orwigsburg Borough Police Department,Schuylkill County,TFM,2026-03-25
Pennsylvania,Pennsylvania State Constable Office Honey Brook Precinct 1,Chester County,TFM,2025-10-17
Pennsylvania,Pennsylvania State Constable's Office So Middleton Twp,Cumberland County,TFM,2025-08-28
Pennsylvania,"Pennsylvania State Constable's Office, Cooke Township",Cumberland County,TFM,2025-08-28
Pennsylvania,Pitcairn Borough Police Department,Allegheny County,TFM,2026-07-13
Pennsylvania,Port Carbon Borough Police Department,Schuylkill County,TFM,2026-05-28
Pennsylvania,Pottsville City Police Department,Schuylkill County,TFM,2026-05-14
Pennsylvania,Preston Township Constable's Office,#N/A,TFM,2025-05-08
Pennsylvania,Raccoon Township Police Department,Beaver County,TFM,2026-02-25
Pennsylvania,Reynoldsville Borough Police Department,Jefferson County,TFM,2025-12-12
Pennsylvania,Riverside Borough Police Department,Northumberland County,TFM,2026-05-18
Pennsylvania,Rochester Borough Police Department,Beaver County,TFM,2026-05-14
Pennsylvania,Salem Township Police Department,Luzerne County,TFM,2026-03-13
Pennsylvania,Sayre Borough Police Department,Bradford County,TFM,2026-04-23
Pennsylvania,Schuylkill County Sheriff's Office,Schuylkill County,TFM,2026-01-26
Pennsylvania,Schuylkill Haven Borough Police Department,Schuylkill County,TFM,2026-04-05
Pennsylvania,Scott Township Police Department,Columbia County,TFM,2026-05-21
Pennsylvania,Sewickley Township Constable's Office,#N/A,TFM,2025-05-08
Pennsylvania,Shamokin City Police Department,Northumberland County,TFM,2026-03-25
Pennsylvania,Shenandoah Borough Police Department,Schuylkill County,TFM,2026-02-25
Pennsylvania,Shohola Township Constable's Office,Pike County,TFM,2026-02-18
Pennsylvania,Somerset County District Attorney's Office,Somerset County,TFM,2025-08-28
Pennsylvania,South Centre Township Police Department,Columbia County,TFM,2026-05-13
Pennsylvania,South Lebanon Township Police Department,Lebanon County,TFM,2026-02-10
Pennsylvania,South Londonderry Township Police Department,Lebanon County,TFM,2026-05-04
Pennsylvania,South Williamsport Borough Police Department,Lycoming County,TFM,2026-05-12
Pennsylvania,"Southhampton Twp. Cumberland City, Constables Office",Cumberland County,TFM,2025-09-09
Pennsylvania,Springdale Borough Police Department,Allegheny County,TFM,2025-11-06
Pennsylvania,Stowe Township Police Department,Allegheny County,TFM,2025-12-11
Pennsylvania,Summerhill Township Police Department,Cambria County,TFM,2026-07-20
Pennsylvania,Sunbury City Police Department,Northumberland County,TFM,2026-05-09
Pennsylvania,Susquehanna Regional Police Department,Lancaster County,TFM,2025-09-09
Pennsylvania,Troy Township PA State Constable,Bradford County,TFM,2025-09-09
Pennsylvania,Union Township Police Department,Washington County,TFM,2025-11-04
Pennsylvania,Washington County Sheriff's Office,Washington County,TFM,2025-06-18
Pennsylvania,Weatherly Borough Police Department,Carbon County,TFM,2026-05-28
Pennsylvania,West Hazleton Borough Police Department,Luzerne County,TFM,2026-03-19
Pennsylvania,West Mahanoy Township Police Department,Schuylkill County,TFM,2026-05-13
Pennsylvania,West York Borough Police Department,York County,TFM,2025-08-04
Pennsylvania,Wyoming County District Attorney's Office,Wyoming County,TFM,2026-04-13
Pennsylvania,York County Regional Police Department,York County,TFM,2026-03-21
South Carolina,Anderson County Sheriff's Office,Anderson County,WSO,2025-06-12
South Carolina,Barnwell Police Department,Barnwell County,TFM,2026-05-09
South Carolina,Batesburg-Leesville Police Department,Lexington County,TFM,2026-04-27
South Carolina,Beaufort County Sheriff's Office,Beaufort County,TFM,2025-07-31
South Carolina,Berkeley County Sheriff's Office,Berkeley County,TFM,2025-05-08
South Carolina,Berkeley County Sheriff's Office,Berkeley County,WSO,2025-05-08
South Carolina,Bowman Police Department,Orangeburg County,TFM,2026-04-22
South Carolina,Branchville Police Department,Orangeburg County,TFM,2026-06-25
South Carolina,Burnettown Police Department,Aiken County,TFM,2026-05-26
South Carolina,Charleston County Sheriff's Office,Charleston County,WSO,2025-03-10
South Carolina,Chester County Sheriff's Office,Chester County,TFM,2025-06-12
South Carolina,Chester County Sheriff's Office,Chester County,WSO,2025-03-10
South Carolina,Clinton Police Department,Laurens County,TFM,2026-01-26
South Carolina,Coward Police Department,#N/A,TFM,2025-06-13
South Carolina,Dorchester County Sheriff's Office,Dorchester County,WSO,2025-06-12
South Carolina,Duncan Police Department,#N/A,TFM,2025-06-11
South Carolina,Elloree Police Department,Orangeburg County,TFM,2026-01-07
South Carolina,Eutawville Police Department,Orangeburg County,TFM,2025-11-18
South Carolina,Gaston Police Department,Lexington County,TFM,2025-12-11
South Carolina,Georgetown County Sheriff's Office,Georgetown County,TFM,2025-07-15
South Carolina,Georgetown County Sheriff's Office,Georgetown County,WSO,2025-07-02
South Carolina,Greenville County Sheriff's Office,Greenville County,WSO,2025-03-21
South Carolina,Hampton County Sheriff's Office,Hampton County,TFM,2026-07-20
South Carolina,Hampton County Sheriff's Office,Hampton County,WSO,2026-07-20
South Carolina,Harleyville Police Department,Dorchester County,TFM,2026-02-23
South Carolina,Holly Hill Police Department,#N/A,TFM,2025-06-16
South Carolina,Horry County Sheriff's Office,Horry County,JEM,2020-06-09
South Carolina,Jasper County Sheriff's Office,Jasper County,TFM,2026-03-08
South Carolina,Kershaw County Sheriff's Office,Kershaw County,TFM,2025-04-10
South Carolina,Lancaster County Sheriff's Office,Lancaster County,WSO,2025-04-02
South Carolina,Lexington County Sheriff's Department,Lexington County,JEM,2020-06-08
South Carolina,McCormick County Sheriff's Office,McCormick County,WSO,2025-06-25
South Carolina,Newberry County Sheriff's Office,Newberry County,WSO,2025-06-25
South Carolina,North Police Department,Orangeburg County,TFM,2026-02-18
South Carolina,Oconee County Sheriff's Office,Oconee County,WSO,2025-03-27
South Carolina,Olanta Police Department,Florence County,TFM,2025-09-22
South Carolina,Pelion Police Department,Lexington County,TFM,2025-12-18
South Carolina,Perry Police Department,Aiken County,TFM,2026-03-24
South Carolina,Pickens County Sheriff's Office,Pickens County,TFM,2025-05-16
South Carolina,Pickens County Sheriff's Office,Pickens County,WSO,2025-05-22
South Carolina,Pine Ridge Police Department,Lexington County,TFM,2026-04-20
South Carolina,Ridge Spring Police Department,Saluda County,TFM,2026-04-30
South Carolina,Ridgeway Police Department,Fairfield County,TFM,2026-02-23
South Carolina,Salley Police Department,Aiken County,TFM,2026-03-25
South Carolina,Santee Police Department,Orangeburg County,TFM,2025-12-16
South Carolina,Scranton Police Department,Florence County,TFM,2025-07-31
South Carolina,South Carolina Department of Public Safety,#NA,TFM,2025-08-28
South Carolina,South Carolina Law Enforcement Division,#N/A,TFM,2025-03-07
South Carolina,Spartanburg County Sheriff's Office,Spartanburg County,WSO,2025-04-02
South Carolina,Union County Sheriff's Office,Union County,TFM,2025-06-12
South Carolina,Union County Sheriff's Office,Union County,WSO,2025-06-12
South Carolina,Wagener Police Department,Aiken County,TFM,2026-06-18
South Carolina,Wellford Police Department,Spartanburg County,TFM,2026-07-03
South Carolina,Yemassee Police Department,Hampton County,TFM,2026-06-12
South Carolina,York County Sheriff's Office,York County,JEM,2020-06-09
South Dakota,Centerville Police Department,Turner County,TFM,2026-01-26
South Dakota,Hughes County Sheriff's Office,Hughes County,WSO,2025-03-07
South Dakota,Minnehaha County Sheriff's Office,Minnehaha County,WSO,2025-03-17
South Dakota,South Dakota Department of Corrections,#NA,JEM,2025-07-25
South Dakota,South Dakota Department of Corrections,#NA,WSO,2025-08-28
South Dakota,South Dakota Division of Criminal Investigation,#N/A,TFM,2025-06-11
South Dakota,South Dakota Highway Patrol,#N/A,TFM,2025-05-22
South Dakota,Viborg Police Department,Turner County,TFM,2026-03-28
Tennessee,Anderson County Sheriff's Office,Anderson County,WSO,2026-07-20
Tennessee,Bedford County Sheriff's Office,Bedford County,WSO,2026-02-18
Tennessee,Blount County Sheriff's Office,Blount County,TFM,2026-06-23
Tennessee,Blount County Sheriff's Office,Blount County,WSO,2026-06-23
Tennessee,Bradley County Constable District 1,Bradley County,TFM,2025-09-22
Tennessee,Bradley County Constable District 5,Bradley County,TFM,2026-06-02
Tennessee,Bradley County Constable District 6,Bradley County,TFM,2025-10-17
Tennessee,Bradley County Constable District 7,Bradley County,TFM,2025-09-09
Tennessee,Bradley County Sheriff's Office,Bradley County,JEM,2025-12-09
Tennessee,Carter County Sheriff's Office,Carter County,WSO,2025-11-04
Tennessee,Cheatham County Sheriff's Office,Cheatham County,TFM,2026-06-30
Tennessee,Cheatham County Sheriff's Office,Cheatham County,WSO,2026-06-30
Tennessee,Chester County Sheriff's Office,Chester County,TFM,2026-07-10
Tennessee,Chester County Sheriff's Office,Chester County,WSO,2026-07-10
Tennessee,Clay County Sheriff's Office,Clay County,WSO,2025-09-09
Tennessee,Cocke County Sheriff's Office,Cocke County,WSO,2025-12-12
Tennessee,Coffee County Sheriff's Office,Coffee County,WSO,2025-07-02
Tennessee,Coopertown Police Department,Robertson County,TFM,2026-07-20
Tennessee,Crockett County Sheriff's Office,Crockett County,TFM,2026-07-09
Tennessee,Crockett County Sheriff's Office,Crockett County,WSO,2026-07-09
Tennessee,Cumberland County Sheriff's Office,Cumberland County,WSO,2025-06-25
Tennessee,Dekalb County Sheriff's Office,Dekalb County,WSO,2025-11-06
Tennessee,Dickson County Sheriff's Office,Dickson County,WSO,2026-03-11
Tennessee,Dyer County Sheriff's Office,Dyer County,WSO,2025-07-02
Tennessee,Estill Springs Police Department,Franklin County,TFM,2026-01-07
Tennessee,Fentress County Sheriff's Office,Fentress County,TFM,2026-06-09
Tennessee,Fentress County Sheriff's Office,Fentress County,WSO,2026-06-09
Tennessee,Franklin County Sheriff's Office,Franklin County,JEM,2025-07-07
Tennessee,Franklin County Sheriff's Office,Franklin County,WSO,2025-10-17
Tennessee,Giles County Sheriff's Office,Giles County,WSO,2025-04-16
Tennessee,Grainger County Sheriff's Office,Grainger County,WSO,2025-06-17
Tennessee,Greenbrier Police Department,Robertson County,TFM,2026-05-04
Tennessee,Greene County Sheriff’s Office,Greene County,JEM,2020-06-09
Tennessee,Grundy County Constable District 3,Grundy County,TFM,2026-01-07
Tennessee,Grundy County Sheriff's Office,Grundy County,WSO,2025-07-07
Tennessee,Hamblen County Sheriff's Office,Hamblen County,WSO,2026-05-09
Tennessee,Hamilton County Sheriff's Office,Hamilton County,JEM,2025-03-17
Tennessee,Hancock County Sheriff's Office,Hancock County,WSO,2025-11-24
Tennessee,Hardin County Sheriff's Office,Hardin County,WSO,2026-05-12
Tennessee,Haywood County Sheriff's Office,Haywood County,WSO,2025-07-15
Tennessee,Hendersonville Police Department,Sumner County,TFM,2026-04-23
Tennessee,Hickman County Sheriff's Office,Hickman County,TFM,2026-07-20
Tennessee,Hickman County Sheriff's Office,Hickman County,WSO,2026-07-20
Tennessee,Humphreys County Sheriff's Office,Humphreys County,TFM,2026-05-28
Tennessee,Humphreys County Sheriff's Office,Humphreys County,WSO,2026-05-28
Tennessee,Jefferson County Sheriff's Office,Jefferson County,WSO,2025-11-04
Tennessee,Jellico Police Department,Campbell County,TFM,2026-04-30
Tennessee,Knox County Sheriff’s Office,Knox County,JEM,2020-06-08
Tennessee,Lawrence County Sheriff's Office,Lawrence County,JEM,2026-03-25
Tennessee,Lawrence County Sheriff's Office,Lawrence County,TFM,2026-03-25
Tennessee,Lawrence County Sheriff's Office,Lawrence County,WSO,2026-03-25
Tennessee,Lincoln County Sheriff's Office,Lincoln County,WSO,2025-11-14
Tennessee,Louden County Sheriff's Office,Louden County,TFM,2026-06-22
Tennessee,Louden County Sheriff's Office,Louden County,WSO,2026-06-22
Tennessee,Macon County Sheriff's Office,Macon County,TFM,2026-04-29
Tennessee,Macon County Sheriff's Office,Macon County,WSO,2025-06-03
Tennessee,Madison County Sheriff's Office,Madison County,TFM,2025-11-18
Tennessee,Madison County Sheriff's Office,Madison County,WSO,2025-07-02
Tennessee,Marion County Sheriff's Office,Marion County,WSO,2025-11-21
Tennessee,McMinn County Sheriff's Office,McMinn County,WSO,2025-07-18
Tennessee,McNairy County Sheriff's Office,McNairy County,WSO,2026-05-31
Tennessee,Meigs County Sheriff's Office,Meigs County,WSO,2026-01-26
Tennessee,Metropolitan Moore County Sheriff's Office,Moore County,WSO,2025-11-06
Tennessee,Monroe County Constable District 2,Monroe County,TFM,2025-09-22
Tennessee,Monroe County Sheriff's Office,Monroe County,JEM,2025-08-28
Tennessee,Montgomery County Sheriff's Office,Montgomery County,WSO,2025-10-17
Tennessee,Morgan County Sheriff's Office,Morgan County,JEM,2025-06-12
Tennessee,Mosheim Police Department,Greene County,TFM,2025-09-09
Tennessee,New Hope Police Department,Marion County,TFM,2026-06-29
Tennessee,Obion County Sheriff's Office,Obion County,WSO,2026-02-23
Tennessee,Overton County Sheriff's Office,Overton County,WSO,2026-02-23
Tennessee,Pickett County Sheriff's Office,Pickett County,TFM,2026-06-25
Tennessee,Pickett County Sheriff's Office,Pickett County,WSO,2026-06-25
Tennessee,Polk County Constable District 2,Polk County,TFM,2026-01-07
Tennessee,Polk County Constable District 4,Polk County,TFM,2025-11-04
Tennessee,Polk County Sheriff's Office,Polk County,WSO,2025-09-09
Tennessee,Putnam County Sheriff's Office,Putnam County,JEM,2025-02-24
Tennessee,Putnam County Sheriff's Office,Putnam County,TFM,2025-06-24
Tennessee,Robertson County Sheriff's Office,Robertson County,WSO,2025-07-07
Tennessee,Rutherford County Sheriff's Office,Rutherford County,WSO,2025-08-28
Tennessee,Sequatchie County Sheriff's Office,Sequatchie County,WSO,2026-01-26
Tennessee,Sevier County Constable District 5,Sevier County,TFM,2026-03-06
Tennessee,Sevier County Sheriff's Office,Sevier County,TFM,2025-11-06
Tennessee,Sevier County Sheriff's Office,Sevier County,WSO,2025-11-06
Tennessee,Sevierville Police Department,Sevier County,TFM,2025-11-04
Tennessee,Shelby County Sheriff's Office,Shelby County,WSO,2025-11-04
Tennessee,Smith County Sheriff's Office,Smith County,WSO,2026-06-30
Tennessee,Sparta Police Department,Sparta-White County,TFM,2025-08-06
Tennessee,Stewart County Sheriff's Office,Stewart County,WSO,2026-07-20
Tennessee,Sullivan County Constable District 1,Sullivan County,TFM,2026-05-21
Tennessee,Sullivan County Sheriff's Office,Sullivan County,TFM,2025-10-17
Tennessee,Sullivan County Sheriff's Office,Sullivan County,WSO,2025-05-22
Tennessee,Sumner County Sheriff's Office,Sumner County,WSO,2025-04-29
Tennessee,Tennessee Department of Corrections,#N/A,JEM,2025-06-16
Tennessee,Tennessee Department of Safety and Homeland Security,#N/A,TFM,2025-05-13
Tennessee,Tipton County Sheriff's Office,Tipton County,WSO,2026-06-30
Tennessee,Trousdale County Sheriff's Office,Trousdale County,WSO,2025-08-28
Tennessee,Unicoi County Sheriff's Office,Unicoi County,WSO,2025-12-02
Tennessee,Van Buren County Sheriff's Office,Van Buren County,WSO,2025-11-14
Tennessee,Warren County Sheriff's Office,Warren County,WSO,2025-09-09
Tennessee,Washington County Sheriff's Office,Washington County,WSO,2025-11-05
Tennessee,Weakley County Sheriff's Office,Weakley County,WSO,2026-01-26
Tennessee,Williamson County Sheriff's Office,Williamson County,WSO,2026-06-30
Tennessee,Wilson County Sheriff's Office,Wilson County,WSO,2026-01-26
Texas,Abilene Police Department,Taylor County,TFM,2026-06-07
Texas,Alice Police Department,Jim Wells County,TFM,2025-12-17
Texas,Alma City Police Department,Ellis County,TFM,2026-07-02
Texas,Anderson County Sheriff's Office,Anderson County,WSO,2025-06-18
Texas,Andrews County Sheriff's Office,Andrews County,WSO,2025-11-14
Texas,Angelina County Sheriff's Office,Angelina County,TFM,2026-06-17
Texas,Angelina County Sheriff's Office,Angelina County,WSO,2025-06-18
Texas,Aransas County Sheriff's Office,Aransas County,JEM,2020-06-08
Texas,Archer City Police Department,Archer County,TFM,2026-06-07
Texas,Archer County Sheriff's Office,Archer County,TFM,2026-02-20
Texas,Archer County Sheriff's Office,Archer County,WSO,2025-08-28
Texas,Armstrong County Sheriff's Office,Armstrong County,TFM,2026-01-26
Texas,Arp Police Department,Smith County,TFM,2025-11-14
Texas,Atascosa County Sheriff's Office,Atascosa County,TFM,2025-05-08
Texas,Austin County Sheriff's Office,Austin County,WSO,2025-04-16
Texas,Azle Police Department,Tarrant County,TFM,2026-04-22
Texas,Bailey County Sheriff's Office,Bailey County,WSO,2025-07-31
Texas,Balcones Heights Police Department,Bexar County,TFM,2026-01-07
Texas,Ballinger Police Department,Runnels County,TFM,2026-03-21
Texas,Bartonville Police Department,Denton County,TFM,2026-06-22
Texas,Bastrop County Sheriff's Office,Bastrop County,TFM,2025-12-08
Texas,Bastrop County Sheriff's Office,Bastrop County,WSO,2025-09-22
Texas,Baylor County Sheriff's Office,Baylor County,TFM,2026-03-08
Texas,Bayou Vista Police Department,Galveston County,TFM,2026-02-23
Texas,Bee County Sheriff's Office,Bee County,TFM,2026-01-07
Texas,Bee County Sheriff's Office,Bee County,WSO,2025-02-24
Texas,Beeville Police Department,Bee County,TFM,2026-03-25
Texas,Bell County Sheriff's Office,Bell County,WSO,2025-08-28
Texas,Benavides Police Department,Duval County,TFM,2026-06-03
Texas,Bertram Police Department,Burnet County,TFM,2026-03-28
Texas,Bexar County Constable Precinct 3,Bexar County,TFM,2025-12-12
Texas,Bexar County Sheriff's Office,Bexar County,WSO,2025-10-17
Texas,Big Sandy Police Departement,Upshur County,TFM,2025-11-06
Texas,Bishop Police Department,Nueces County,TFM,2026-06-29
Texas,Blanco County Constable Precinct 4,Blanco County,TFM,2026-04-07
Texas,Blanco County Sheriff's Office,Blanco County,JEM,2026-02-23
Texas,Bonham Police Department,Fannin County,TFM,2026-04-21
Texas,Borden County Sheriff's Office,Borden County,TFM,2025-12-02
Texas,Bosque County Sheriff's Office,Bosque County,WSO,2025-08-28
Texas,Bowie County Sheriff's Office,Bowie County,WSO,2025-10-17
Texas,Brazoria County Sheriff's Office,Brazoria County,WSO,2025-08-07
Texas,Brazos County Sheriff's Office,Brazos County,WSO,2026-03-11
Texas,Brewster County Sheriff's Office,Brewster County,WSO,2026-01-26
Texas,Brooks County Sheriff's Office,Brooks County,JEM,2025-06-11
Texas,Brooks County Sheriff's Office,Brooks County,TFM,2025-06-12
Texas,Brown County Sheriff's Office,Brown County,TFM,2026-06-07
Texas,Brown County Sheriff's Office,Brown County,WSO,2025-12-02
Texas,Bullard Police Department,Smith County,TFM,2026-01-08
Texas,Burleson County Sheriff's Office,Burleson County,WSO,2025-04-16
Texas,Burnet County Sheriff's Office,Burnet County,WSO,2019-11-05
Texas,Caldwell County Constable Precinct 2,Caldwell County,TFM,2026-02-10
Texas,Caldwell County Sheriff's Office,Caldwell County,TFM,2025-07-15
Texas,Caldwell County Sheriff's Office,Caldwell County,WSO,2025-09-09
Texas,Calhoun County Sheriff’s Office,Calhoun County,JEM,2020-03-13
Texas,Calhoun County Sheriff's Office,Calhoun County,TFM,2025-03-07
Texas,Calhoun County Sheriff's Office,Calhoun County,WSO,2025-02-24
Texas,Callahan County Sheriff's Office,Callahan County,TFM,2025-07-23
Texas,Callahan County Sheriff's Office,Callahan County,WSO,2025-07-23
Texas,Cameron County Sheriff's Office,Cameron County,WSO,2026-01-26
Texas,Carson County Sheriff's Office,Carson County,WSO,2025-08-28
Texas,Cass County Constable Precinct 3,Cass County,TFM,2026-06-18
Texas,Cass County Sheriff's Office,Cass County,JEM,2026-01-26
Texas,Cass County Sheriff's Office,Cass County,TFM,2026-02-10
Texas,Castro County Sheriff's Office,Castro County,WSO,2025-10-17
Texas,Castroville Police Department,Medina County,TFM,2026-06-09
Texas,Chambers County Sheriff’s Office,Chambers County,JEM,2020-06-09
Texas,Cherokee County Sheriff's Office,Cherokee County,TFM,2026-01-07
Texas,Childress County Constable Precinct 1,Childress County,TFM,2026-07-20
Texas,Childress County Sheriff's Office,Childress County,WSO,2025-06-30
Texas,China Grove Police Department,Bexar County,TFM,2026-03-11
Texas,Cisco Police Department,Eastland County,TFM,2026-03-24
Texas,Clay County Sheriff's Office,Clay County,TFM,2025-11-20
Texas,Clay County Sheriff's Office,Clay County,WSO,2025-11-20
Texas,Clifton Police Department,Bosque County,TFM,2025-09-22
Texas,Cochran County Sheriff's Office,Cochran County,TFM,2026-06-16
Texas,Coke County Sheriff's Office,Coke County,TFM,2025-05-13
Texas,Coleman County Sheriff's Office,Coleman County,TFM,2026-06-18
Texas,Collin County Sheriff's Office,Collin County,JEM,2026-01-26
Texas,Colorado County Sheriff's Office,Colorado County,JEM,2025-05-22
Texas,Colorado County Sheriff's Office,Colorado County,WSO,2025-12-02
Texas,Comal County Sheriff's Office,Comal County,WSO,2025-10-17
Texas,Comanche County Sheriff's Office,Comanche County,WSO,2025-11-04
Texas,Comanche Police Department,Comanche County,TFM,2026-04-20
Texas,Commerce Police Department,Hunt County,TFM,2026-03-24
Texas,Concho County Sheriff's Office,Concho County,TFM,2026-05-28
Texas,Cooke County Sheriff's Office,Cooke County,WSO,2025-07-24
Texas,Corrigan Police Department,Polk County,TFM,2026-03-28
Texas,Coryell County Sheriff's Office,Coryell County,TFM,2026-04-08
Texas,Crosby County Sheriff's Office,Crosby County,TFM,2026-06-17
Texas,Crosby County Sheriff's Office,Crosby County,WSO,2025-08-28
Texas,Cuero Police Department,DeWitt County,TFM,2025-12-10
Texas,Cumby Police Department,Hopkins County,TFM,2025-12-12
Texas,"Cut ""N"" Shoot Police Department",Montgomery County,TFM,2026-03-19
Texas,Dallam County Sheriff's Office,Dallam County,TFM,2025-11-04
Texas,Dallam County Sheriff's Office,Dallam County,WSO,2025-07-31
Texas,Dalworthington Gardens Department of Public Safety,Tarrant County,TFM,2026-05-28
Texas,Dawson County Sheriff's Office,Dawson County,TFM,2026-07-20
Texas,Dawson County Sheriff's Office,Dawson County,WSO,2026-05-31
Texas,Deaf Smith County Sheriff's Office,Deaf Smith County,WSO,2025-03-17
Texas,Delta County Constable Precinct 5,Delta County,TFM,2026-04-17
Texas,Delta County Sheriff's Office,Delta County,TFM,2026-02-14
Texas,Denton County Sheriff's Office,Denton County,JEM,2025-07-29
Texas,Denton County Sheriff's Office,Denton County,TFM,2026-01-26
Texas,Denver City Police Department,Yoakum County,TFM,2026-07-07
Texas,Devine Police Department,Medina County,TFM,2026-03-01
Texas,DeWitt County Sheriff’s Office,DeWitt County,JEM,2020-06-08
Texas,DeWitt County Sheriff’s Office,DeWitt County,WSO,2025-02-26
Texas,Dickens County Sheriff's Office,Dickens County,WSO,2025-06-25
Texas,Dimmit County Sheriff's Office,Dimmit County,JEM,2025-12-10
Texas,Dimmit County Sheriff's Office,Dimmit County,TFM,2025-12-10
Texas,Dimmit County Sheriff's Office,Dimmit County,WSO,2025-12-10
Texas,Dublin Police Department,Erath County,TFM,2026-03-13
Texas,Early Police Department,Brown County,TFM,2026-05-21
Texas,East Mountain Police Department,Upshur County,TFM,2026-01-26
Texas,Eastland County Sheriff's Office,Eastland County,TFM,2026-05-01
Texas,Eastland County Sheriff's Office,Eastland County,WSO,2025-09-22
Texas,Ector County Sheriff's Office,Ector County,WSO,2025-08-28
Texas,Edna Police Department,Jackson County,TFM,2026-04-25
Texas,Edwards County Constable Precinct 1,Edwards County,TFM,2026-05-21
Texas,Edwards County Sheriff's Office,Edwards County,TFM,2026-02-14
Texas,Electra Police Department,Wichita County,TFM,2026-05-21
Texas,Ellis County Sheriff's Office,Ellis County,JEM,2025-04-16
Texas,Erath County Sheriff's Office,Erath County,TFM,2026-04-17
Texas,Escobares Police Department,Starr County,TFM,2026-06-17
Texas,Falfurrias Police Department,Brooks County,TFM,2025-11-04
Texas,Falls County Sheriff's Office,Falls County,TFM,2025-03-25
Texas,Fannin County Constable Precinct 1,Fannin County,TFM,2026-06-12
Texas,Fannin County Constable Precinct 3,Fannin County,TFM,2026-04-05
Texas,Fannin County Criminal District Attorney's Office,Fannin County,TFM,2026-01-26
Texas,Fannin County Sheriff's Office,Fannin County,TFM,2026-01-26
Texas,Fayette County Sheriff's Office,Fayette County,TFM,2025-11-14
Texas,Fayette County Sheriff's Office,Fayette County,WSO,2025-03-21
Texas,Florence Police Department,Williamson County,TFM,2026-06-07
Texas,Floyd County Sheriff's Office,Floyd County,TFM,2026-06-07
Texas,Foard County Sheriff's Office,Foard County,TFM,2026-06-12
Texas,Fort Bend County Sheriff's Office,Fort Bend County,JEM,2025-05-28
Texas,Fort Bend County Sheriff's Office,Fort Bend County,WSO,2025-05-28
Texas,Franklin County Sheriff's Office,Franklin County,JEM,2025-05-20
Texas,Franklin County Sheriff's Office,Franklin County,TFM,2026-02-17
Texas,Franklin County Sheriff's Office,Franklin County,WSO,2026-06-09
Texas,Freer Police Department,Duval County,TFM,2025-11-06
Texas,Freestone County Constable Precinct 2,Freestone County,TFM,2025-12-08
Texas,Freestone County Constable Precinct 3,Freestone County,TFM,2026-01-26
Texas,Freestone County Sheriff's Office,Freestone County,TFM,2026-05-17
Texas,Freestone County Sheriff's Office,Freestone County,WSO,2026-05-28
Texas,Frio County Sheriff's Office,Frio County,JEM,2025-09-22
Texas,Frio County Sheriff's Office,Frio County,TFM,2025-09-22
Texas,Frio County Sheriff's Office,Frio County,WSO,2025-09-22
Texas,Gaines County Sheriff's Office,Gaines County,TFM,2026-05-17
Texas,Gaines County Sheriff's Office,Gaines County,WSO,2025-07-31
Texas,Galveston County Constable Precinct 2,Galveston County,TFM,2025-09-22
Texas,Galveston County Constable's Office Pct.1,Galveston County,TFM,2025-09-09
Texas,Galveston County Constable's Office Pct.4,Galveston County,TFM,2025-09-09
Texas,Galveston County Sheriff’s Office,Galveston County,JEM,2020-06-08
Texas,Galveston County Sheriff's Office,Galveston County,TFM,2025-07-23
Texas,Galveston County Sheriff's Office,Galveston County,WSO,2025-03-26
Texas,Garza County Sheriff's Office,Garza County,WSO,2025-07-07
Texas,Gillespie County Sheriff's Office,Gillespie County,TFM,2026-02-23
Texas,Goliad County Sheriff’s Office,Goliad County,JEM,2020-06-09
Texas,Goliad County Sheriff's Office,Goliad County,TFM,2025-02-18
Texas,Goliad County Sheriff's Office,Goliad County,WSO,2025-02-18
Texas,Gonzales County Sheriff's Office,Gonzales County,JEM,2026-02-10
Texas,Gonzales County Sheriff's Office,Gonzales County,TFM,2026-02-10
Texas,Gonzales County Sheriff's Office,Gonzales County,WSO,2025-04-02
Texas,Granite Shoals Police Department,Burnet County,TFM,2026-04-30
Texas,Gray County Sheriff's Office,Gray County,WSO,2025-08-28
Texas,Grayson County Sheriff’s Office,Grayson County,JEM,2025-03-21
Texas,Grayson County Sheriff's Office,Grayson County,WSO,2025-10-17
Texas,Gregg County Sheriff's Office,Gregg County,JEM,2025-03-17
Texas,Gregg County Sheriff's Office,Gregg County,TFM,2026-04-05
Texas,Grimes County Sheriff's Office,Grimes County,WSO,2026-02-25
Texas,Guadalupe County Constable Precinct 1,Guadalupe County,TFM,2026-04-15
Texas,Guadalupe County Constable Precinct 4,Guadalupe County,TFM,2026-04-15
Texas,Guadalupe County Sheriff's Office,Guadalupe County,JEM,2025-12-02
Texas,Hale County Sheriff's Office,Hale County,WSO,2025-08-04
Texas,Hallettsville Police Department,Lavaca County,TFM,2026-01-26
Texas,Hamilton County Sheriff's Office,Hamilton County,JEM,2026-06-23
Texas,Hamilton County Sheriff's Office,Hamilton County,TFM,2025-04-10
Texas,Hardeman County Sheriff's Office,Hardeman County,WSO,2025-06-25
Texas,Hardin County Sheriff's Office,Hardin County,JEM,2026-06-02
Texas,Harrison County Sheriff's Office,Harrison County,TFM,2026-04-13
Texas,Harrison County Sheriff's Office,Harrison County,WSO,2025-02-24
Texas,Hartley County Sheriff's Office,Hartley County,TFM,2025-07-23
Texas,Haskell Police Department,Haskell County,TFM,2026-01-26
Texas,Hemphill County Sheriff's Office,Hemphill County,WSO,2025-07-24
Texas,Henderson County Sheriff's Office,Henderson County,TFM,2026-07-20
Texas,Henderson County Sheriff's Office,Henderson County,WSO,2025-10-17
Texas,Hidalgo County Sheriff's Office,Hidalgo County,WSO,2025-10-17
Texas,Hill County Sheriff's Office,Hill County,WSO,2025-05-07
Texas,Hockley County Sheriff's Office,Hockley County,WSO,2025-08-04
Texas,Holland Police Department,Bell County,TFM,2025-11-04
Texas,Holliday Police Department,Archer County,TFM,2026-06-12
Texas,Hollywood Park Police Department,Bexar County,TFM,2026-01-26
Texas,Hood County Sheriff's Office,Hood County,TFM,2026-01-30
Texas,Hood County Sheriff's Office,Hood County,WSO,2025-05-13
Texas,Hopkins County Sheriff's Office,Hopkins County,TFM,2026-01-26
Texas,Hopkins County Sheriff's Office,Hopkins County,WSO,2025-10-17
Texas,Houston County Sheriff's Office,Houston County,WSO,2025-04-02
Texas,Howard County Sheriff's Office,Howard County,WSO,2025-10-17
Texas,Hughes Springs Police Department,Cass County,TFM,2026-03-19
Texas,Huntington Police Department,Angelina County,TFM,2026-02-25
Texas,Huntsville Police Department,Walker County,TFM,2026-06-18
Texas,Hutchinson County Sheriff's Office,Hutchinson County,WSO,2026-03-17
Texas,Ingram Police Department,Kerr County,TFM,2025-10-17
Texas,Jack County Sheriff's Office,Jack County,TFM,2026-04-09
Texas,Jack County Sheriff's Office,Jack County,WSO,2025-07-24
Texas,Jacksboro Police Department,Jack County,TFM,2026-06-30
Texas,Jackson County Sheriff's Office,Jackson County,JEM,2020-06-08
Texas,Jackson County Sheriff's Office,Jackson County,TFM,2025-10-17
Texas,Jackson County Sheriff's Office,Jackson County,WSO,2025-02-24
Texas,Jasper County Constable Precinct 6,Jasper County,TFM,2026-06-15
Texas,Jasper County Sheriff's Office,Jasper County,TFM,2026-07-07
Texas,Jasper County Sheriff's Office,Jasper County,WSO,2025-08-07
Texas,Jasper Police Department,Jasper County,TFM,2026-07-20
Texas,Jeff Davis County Sheriff's Office,Jeff Davis County,WSO,2026-07-09
Texas,Jefferson County Sheriff's Office,Jefferson County,TFM,2025-06-30
Texas,Jefferson County Sheriff's Office,Jefferson County,WSO,2025-06-30
Texas,Jefferson Police Department,Marion County,TFM,2025-12-18
Texas,Jim Hogg County Sheriff's Office,Jim Hogg County,WSO,2026-06-14
Texas,Jim Wells County Sheriff's Office,Jim Wells County,JEM,2025-02-28
Texas,Jim Wells County Sheriff's Office,Jim Wells County,TFM,2025-03-25
Texas,Jim Wells County Sheriff's Office,Jim Wells County,WSO,2025-03-26
Texas,Johnson County District Attorney's Office,Johnson County,TFM,2026-03-08
Texas,Johnson County Sheriff's Office,Johnson County,JEM,2025-12-02
Texas,Karnes County Sheriff's Office,Karnes County,WSO,2025-10-17
Texas,Kaufman County Sheriff's Office,Kaufman County,JEM,2026-01-26
Texas,Keller Police Department,Tarrant County,WSO,2025-08-28
Texas,Kendall County Sheriff's Office,Kendall County,WSO,2020-12-23
Texas,Kenedy County Sheriff's Office,Kenedy County,TFM,2026-02-10
Texas,Kerr County Sheriff's Office,Kerr County,JEM,2025-05-02
Texas,Kerr County Sheriff's Office,Kerr County,TFM,2025-05-08
Texas,Kerr County Sheriff's Office,Kerr County,WSO,2025-05-02
Texas,Kingsville Police Department,Kleberg County,TFM,2026-01-26
Texas,Kinney County Constable's Office,Kinney County,TFM,2026-04-29
Texas,Kinney County Sheriff's Office,Kinney County,TFM,2025-03-26
Texas,Kleberg County Attorney's Specialized Crimes & Narcotics Task Force,Kleberg County,TFM,2025-12-16
Texas,Kleberg County Sheriff's Office,Kleberg County,JEM,2020-07-31
Texas,Kleberg County Sheriff's Office,Kleberg County,TFM,2025-12-18
Texas,Knox City Police Department,Knox Couty,TFM,2026-07-13
Texas,Knox County Sheriff's Office,Knox County,WSO,2025-06-30
Texas,La Grange Police Department,Fayette County,TFM,2026-07-20
Texas,La Vernia Police Department,Wilson County,TFM,2026-02-23
Texas,Lamar County Sheriff's Office,Lamar County,WSO,2025-10-17
Texas,Lamb County Sheriff's Office,Lamb County,WSO,2025-06-17
Texas,Lamesa Police Department,Dawson County,TFM,2026-06-09
Texas,Lampasas County Sheriff's Office,Lampasas County,JEM,2026-07-20
Texas,Lampasas County Sheriff's Office,Lampasas County,TFM,2025-11-18
Texas,Lampasas County Sheriff's Office,Lampasas County,WSO,2025-07-15
Texas,Lavaca County Constable Precinct 2,Lavaca County,TFM,2026-03-13
Texas,Lavaca County Sheriff’s Office,Lavaca County,JEM,2020-06-08
Texas,Lavaca County Sheriff’s Office,Lavaca County,TFM,2025-09-09
Texas,Lavaca County Sheriff's Office,Lavaca County,WSO,2025-02-24
Texas,League City Police Department,Galveston County,TFM,2025-09-22
Texas,League City Police Department,Galveston County,WSO,2025-09-22
Texas,Lee County Sheriff's Office,Lee County,WSO,2025-08-28
Texas,Leonard Police Department,Fannin County,TFM,2026-02-25
Texas,Liberty County Constable Precinct 2,Liberty County,TFM,2026-03-19
Texas,Liberty County Constable Precinct 4,Liberty County,TFM,2026-06-15
Texas,Liberty County Constable Precinct 6,Liberty County,TFM,2026-02-17
Texas,Liberty County Sheriff's Office,Liberty County,WSO,2026-01-30
Texas,Limestone County Sheriff's Office,Limestone County,WSO,2026-01-26
Texas,Lindsay Police Department,Cooke County,TFM,2026-05-14
Texas,Lipscomb County Sheriff's Office,Lipscomb County,WSO,2025-08-28
Texas,Live Oak County Sheriff's Office,Live Oak County,TFM,2025-10-17
Texas,Live Oak County Sheriff's Office,Live Oak County,WSO,2025-04-16
Texas,Lone Star Police Department,Morris County,TFM,2026-03-08
Texas,Lubbock County Sheriff's Office,Lubbock County,JEM,2020-06-08
Texas,Lynn County Sheriff's Office,Lynn County,WSO,2025-07-02
Texas,Madison County Sheriff's Office,Madison County,WSO,2025-06-12
Texas,Marion County Sheriff's Office,Marion County,TFM,2025-12-11
Texas,Marion Police Department,Guadalupe County,TFM,2026-03-06
Texas,Marlin Police Department,Fall County,TFM,2025-12-10
Texas,Matagorda County Sheriff's Office,Matagorda County,JEM,2020-03-13
Texas,Maverick County Constable Precinct 2,Maverick County,TFM,2026-07-20
Texas,Maverick County Constable Precinct 3-2,Maverick County,TFM,2026-07-07
Texas,Maverick County Sheriff's Office,Maverick County,JEM,2026-05-13
Texas,Maverick County Sheriff's Office,Maverick County,TFM,2026-05-13
Texas,Mcculloch County Sheriff's Office,Mcculloch County,TFM,2026-07-07
Texas,McLennan County Sheriff's Office,McLennan County,TFM,2025-12-12
Texas,McMullen County Sheriff's Office,McMullen County,TFM,2026-01-30
Texas,Medina County Sheriff's Office,Medina County,JEM,2026-07-20
Texas,Medina County Sheriff's Office,Medina County,TFM,2025-03-26
Texas,Menard County Sheriff's Office,Menard County,TFM,2026-04-19
Texas,Menard County Sheriff's Office,Menard County,WSO,2026-02-10
Texas,Midland County Sheriff's Office,Midland County,WSO,2025-10-17
Texas,Milam County Sheriff's Office,Milam County,TFM,2025-09-09
Texas,Milam County Sheriff's Office,Milam County,WSO,2025-06-11
Texas,Milford Police Department,Ellis County,TFM,2026-06-09
Texas,Mills County Sheriff's Office,Mills County,WSO,2025-11-04
Texas,Montague County Sheriff's Office,Montague County,WSO,2026-02-14
Texas,Montgomery County Sheriff’s Office,Montgomery County,JEM,2020-06-09
Texas,Moore County Sheriff's Office,Moore County,WSO,2025-08-28
Texas,Morris County Sheriff's Office,Morris County,TFM,2025-12-02
Texas,Morris County Sheriff's Office,Morris County,JEM,2025-08-28
Texas,Motley County Sheriff's Office,Motley County,TFM,2025-08-28
Texas,Moulton Police Department,Lavaca County,TFM,2025-11-10
Texas,Mustang Ridge Police Department,Caldwell County,TFM,2026-04-22
Texas,Nacogdoches County Sheriff's Office,Nacogdoches County,TFM,2026-02-23
Texas,Nacogdoches County Sheriff's Office,Nacogdoches County,WSO,2025-08-04
Texas,Navasota Police Department,Grimes County,TFM,2026-06-22
Texas,Nueces County Constable Precinct 5,Nueces County,TFM,2026-03-11
Texas,New Berlin Marshal's Office,Guadalupe Conty,TFM,2025-11-20
Texas,New Deal Police Department,Lubbock County,TFM,2026-06-30
Texas,Newton County Sheriff's Office,Newton County,TFM,2026-06-22
Texas,Newton County Sheriff's Office,Newton County,WSO,2025-06-12
Texas,Nixon Police Department,#N/A,TFM,2025-02-28
Texas,Nolan County Sheriff's Office,Nolan County,WSO,2025-10-17
Texas,Nueces County Constable Precinct 1,Nueces County,TFM,2026-06-17
Texas,Nueces County Constable Precinct 2,Nueces County,TFM,2026-06-17
Texas,Nueces County Constable Precinct 3,Nueces County,TFM,2026-04-05
Texas,Nueces County Constable Precinct 4,Nueces County,TFM,2026-01-26
Texas,Nueces County Sheriff's Office,Nueces County,JEM,2020-06-09
Texas,Oakwood Police Department,Freestone County,TFM,2026-06-03
Texas,Ochiltree County Sheriff's Office,Ochiltree County,WSO,2025-07-24
Texas,Oldham County Sheriff's Office,Oldham County,TFM,2026-02-17
Texas,Oldham County Sheriff's Office,Oldham County,WSO,2025-08-28
Texas,Orange County Sheriff's Office,Orange County,WSO,2025-05-06
Texas,Orange Grove Police Department,Jim Wells County,TFM,2026-02-10
Texas,Ore City Police Department,Upshur County,TFM,2026-05-17
Texas,Overton Police Department,Overton County,TFM,2026-03-31
Texas,Palo Pinto County Sheriff's Office,Palo Pinto County,WSO,2025-08-28
Texas,Panola County Sheriff's Office,Panola County,TFM,2025-04-02
Texas,Panola County Sheriff's Office,Panola County,WSO,2025-03-26
Texas,Panorama Village Police Department,Montgomery County,TFM,2026-06-14
Texas,Pantego Police Department,Tarrant County,TFM,2026-04-30
Texas,Paris Police Department,Lamar County,TFM,2025-11-06
Texas,Parker County Constable Precinct 4,Parker County,TFM,2026-06-12
Texas,Parker County (County) Attorney's Office,Parker County,TFM,2026-04-05
Texas,Parker County District Attorney's Office,Parker County,TFM,2026-04-30
Texas,Parker County Sheriff's Office,Parker County,TFM,2026-03-11
Texas,Parker County Sheriff's Office,Parker County,WSO,2025-02-27
Texas,Parmer County Sheriff's Office,Parmer County,WSO,2025-12-02
Texas,Pecos County Sheriff's Office,Pecos County,WSO,2025-08-28
Texas,Pinehurst Police Department,Orange County,TFM,2026-04-15
Texas,Pineland Police Department,Sabine County,TFM,2026-07-20
Texas,Point Comfort Police Department,Calhoun County,TFM,2025-11-19
Texas,Polk County Sheriff's Office,Polk County,WSO,2025-05-06
Texas,Port Mansfield Police Department,Willacy County,TFM,2026-07-13
Texas,Poteet Police Department,Atascosa County,TFM,2026-05-21
Texas,Potter County Sheriff's Office,Potter County,JEM,2020-03-02
Texas,Presidio County Sheriff's Office,Presidio County,WSO,2026-06-29
Texas,Primera Police Department,Cameron County,TFM,2026-07-10
Texas,Queen City Police Department,Cass County,TFM,2026-07-20
Texas,Rains County Sheriff's Office,Rains County,WSO,2025-06-11
Texas,Randall County Sheriff's Office,Randall County,JEM,2025-02-28
Texas,Randall County Sheriff's Office,Randall County,WSO,2025-08-28
Texas,Ranger Police Department,Eastland County,TFM,2026-06-30
Texas,Reagan County Sheriff's Office,Reagan County,WSO,2025-08-28
Texas,Real County Sheriff's Office,Real County,WSO,2026-01-30
Texas,Red River County Sheriff's Office,Red River County,TFM,2026-04-05
Texas,Refugio County Sheriff’s Office,Refugio County,JEM,2020-06-09
Texas,Refugio County Sheriff’s Office,Refugio County,TFM,2025-12-10
Texas,Refugio County Sheriff’s Office,Refugio County,WSO,2025-03-07
Texas,Refugio Police Department,Refugio County,TFM,2026-01-08
Texas,Robertson County Sheriff's Office,Robertson County,JEM,2026-03-31
Texas,Robertson County Sheriff's Office,Robertson County,TFM,2026-03-31
Texas,Robstown Police Department,Nueces County,TFM,2026-04-17
Texas,Rockwall County Sheriff's Office,Rockwall County,JEM,2020-06-09
Texas,Rockwall County Sheriff's Office,Rockwall County,TFM,2025-07-07
Texas,Rockwall County Sheriff's Office,Rockwall County,WSO,2025-07-08
Texas,Roma Police Department,Starr County,TFM,2026-04-23
Texas,Runnels County Sheriff's Office,Runnels County,TFM,2026-06-02
Texas,Rusk County Sheriff's Office,Rusk County,TFM,2025-08-28
Texas,Rusk County Sheriff's Office,Rusk County,WSO,2025-03-05
Texas,Sabinal Police Department,Uvalde County,TFM,2026-05-21
Texas,Sabine County Sheriff's Office,Sabine County,TFM,2025-09-09
Texas,Sabine County Sheriff's Office,Sabine County,WSO,2025-09-09
Texas,Saint Hedwig Marshal's Office,Bexar County,TFM,2026-02-10
Texas,San Augustine County Sheriff's Office,San Augustine County,TFM,2026-01-26
Texas,San Jacinto County Sheriff's Office,San Jacinto County,TFM,2025-08-28
Texas,San Jacinto County Sheriff's Office,San Jacinto County,WSO,2025-10-17
Texas,San Patricio County Sheriff’s Office,San Patricio County,JEM,2020-09-03
Texas,San Saba County Sheriff's Office,San Saba County,TFM,2026-03-13
Texas,Sandy Oaks City Police Department,Bexar County,TFM,2026-05-18
Texas,Santa Anna Police Department,Coleman County,TFM,2026-04-05
Texas,Santa Fe Police Department,Galveston County,TFM,2026-04-20
Texas,Schleicher County Sheriff's Office,Schleicher County,WSO,2025-04-02
Texas,Scurry County Sheriff's Office,Scurry County,WSO,2025-06-25
Texas,Seagraves Police Department,Gaines County,TFM,2026-05-24
Texas,Seminole Police Department,Gaines County,TFM,2026-06-30
Texas,Shackelford County Sheriff's Office,Shackelford County,WSO,2025-07-24
Texas,Shallowater Police Department,Lubbock County,TFM,2026-06-30
Texas,Shelby County Sheriff's Office,Shelby County,WSO,2025-09-22
Texas,Sherman County Sheriff's Office,Sherman County,WSO,2025-12-12
Texas,Shiner Police Department,Lavaca County,TFM,2025-11-06
Texas,Smiley City Marshal's Office,Gonzales County,TFM,2025-11-04
Texas,Smith County Constable Precinct 4,Smith County,TFM,2025-10-17
Texas,Smith County Sheriff’s Office,Smith County,JEM,2020-06-09
Texas,Smith County Sheriff’s Office,Smith County,TFM,2025-02-18
Texas,Somervell County Sheriff's Office,Somervell County,WSO,2025-09-22
Texas,Sonora Police Department,Sutton County,TFM,2026-07-07
Texas,Southmayd Police Department,Grayson County,TFM,2026-06-18
Texas,Southside Place Police Department,Harris County,TFM,2025-06-13
Texas,Splendora Police Department,#N/A,TFM,2025-06-13
Texas,Stagecoach Police Department,Montgomery County,TFM,2026-05-18
Texas,Stamford Police Department,Jones County,TFM,2026-01-26
Texas,Stephens County Sheriff's Office,Stephens County,WSO,2025-10-17
Texas,Stephenville Police Department,Erath County,TFM,2026-04-25
Texas,Sterling County Sheriff's Office,Sterling County,TFM,2025-07-23
Texas,Stockdale Marshal's Office,Wilson County,TFM,2025-12-11
Texas,Sulphur Springs Police Department,Hopkins County,TFM,2026-03-24
Texas,Sutton County Sheriff's Office,Sutton County,TFM,2025-03-10
Texas,Sutton County Sheriff's Office,Sutton County,WSO,2025-03-10
Texas,Swisher County Sheriff's Office,Swisher County,WSO,2025-08-28
Texas,Taft Police Department,San Patricio,TFM,2026-04-23
Texas,Tarrant County Sheriff’s Office,Tarrant County,JEM,2020-06-16
Texas,Taylor County Sheriff's Office,Taylor County,WSO,2025-12-02
Texas,Tenaha Police Department,Shelby County,TFM,2026-01-07
Texas,Terrell County Sheriff's Office,Terrell County,JEM,2020-06-09
Texas,Terrell County Sheriff's Office,Terrell County,TFM,2025-07-02
Texas,Terrell County Sheriff's Office,Terrell County,WSO,2025-04-16
Texas,Terry County Sheriff's Office,Terry County,TFM,2026-06-03
Texas,Terry County Sheriff's Office,Terry County,WSO,2025-07-07
Texas,Texarkana Police Department,Bowie County,TFM,2026-06-15
Texas,Texas Department of Public Safety - Texas Highway Patrol,#NA,TFM,2025-11-03
Texas,Texas Department of Public Safety- Criminal Investigations Division,#NA,TFM,2025-10-17
Texas,Texas National Guard,#N/A,TFM,2025-04-10
Texas,Texas Office of the Attorney General,#N/A,TFM,2025-01-30
Texas,Tioga Police Department,Grayson County,TFM,2026-06-09
Texas,Titus County Sheriff's Office,Titus County,TFM,2025-03-10
Texas,Titus County Sheriff's Office,Titus County,WSO,2025-03-10
Texas,Tom Green County Sheriff's Office,Tom Green County,WSO,2026-02-10
Texas,Trinity County Constable Precinct 1,Trinity County,TFM,2026-06-14
Texas,Trinity County Constable Precinct 2,Trinity County,TFM,2026-06-12
Texas,Trinity County Constable Precinct 4,Trinity County,TFM,2026-06-09
Texas,Trinity County Sheriff's Office,Trinity County,TFM,2026-04-22
Texas,Trinity County Sheriff's Office,Trinity County,WSO,2025-08-07
Texas,Troup Police Department,Smith County,TFM,2026-03-17
Texas,Tye Police Department,Galveston County,TFM,2026-02-17
Texas,Tyler County Sheriff's Office,Tyler County,WSO,2025-11-19
Texas,Upshur County Constable Precinct 1,Upshur County,TFM,2026-02-10
Texas,Upshur County Sheriff's Office,Upshur County,TFM,2025-12-08
Texas,Upton County Sheriff's Office,Upton County,WSO,2025-08-28
Texas,Uvalde County Sheriff's Office,Uvalde County,JEM,2025-11-14
Texas,Van Alstyne Police Department,Grayson County,TFM,2026-07-07
Texas,Val Verde County Sheriff's Office,Val Verde County,WSO,2026-01-26
Texas,Van Zandt County Sheriff's Office,Van Zandt County,JEM,2026-05-13
Texas,Vernon Police Department,Wilbarger County,TFM,2026-06-09
Texas,Victoria County Sheriff’s Office,Victoria County,JEM,2020-06-08
Texas,Victoria County Sheriff’s Office,Victoria County,TFM,2025-07-07
Texas,Victoria County Sheriff’s Office,Victoria County,WSO,2025-02-26
Texas,Von Ormy Police Departmentn,Bexar County,TFM,2026-07-07
Texas,Walker County Constable Pct 3,Walker County,TFM,2025-09-09
Texas,Walker County Sheriff’s Department,Walker County,JEM,2020-06-09
Texas,Walker County Sheriff's Office,Walker County,WSO,2025-04-02
Texas,Waller County Sheriff’s Office,Waller County,WSO,2020-02-12
Texas,Wallis Police Department,Austin County,TFM,2026-06-23
Texas,Washington County Sheriff's Office,Washington County,WSO,2025-09-09
Texas,Webb County Sheriff's Office,Webb County,JEM,2025-12-02
Texas,Wharton County Sheriff’s Office,Wharton County,JEM,2020-06-09
Texas,Wharton County Sheriff's Office,Wharton County,WSO,2025-04-02
Texas,Wheeler County Sheriff's Office,Wheeler County,WSO,2025-09-09
Texas,Wichita County Sheriff's Office,Wichita County,TFM,2025-11-04
Texas,Wichita County Sheriff's Office,Wichita County,WSO,2025-04-16
Texas,Wilbarger County Sheriff's Office,Wilbarger County,TFM,2026-04-20
Texas,Wilbarger County Sheriff's Office,Wilbarger County,WSO,2025-09-22
Texas,Williamson County Sheriff's Office,Williamson County,WSO,2025-09-22
Texas,Wilson County Sheriff's Office,Wilson County,TFM,2025-09-09
Texas,Winkler County Sheriff's Office,Winkler County,JEM,2025-03-21
Texas,Winkler County Sheriff's Office,Winkler County,TFM,2025-04-14
Texas,Winkler County Sheriff's Office,Winkler County,WSO,2025-03-26
Texas,Winnsboro Police Department,Wood County,TFM,2026-04-17
Texas,Wise County Sheriff's Office,Wise County,WSO,2025-09-09
Texas,Wise County Sheriff's Office,Wise County,TFM,2026-04-15
Texas,Wolfe City Police Department,Hunt County,TFM,2026-06-09
Texas,Woodville Police Department,Tyler County,TFM,2026-07-09
Texas,Wortham Police Department,Freestone County,TFM,2025-12-18
Texas,Yoakum County Sheriff's Office,Yoakum County,WSO,2025-06-25
Texas,Yoakum Police Department,Yoakum County,TFM,2025-11-24
Texas,Young County Sheriff's Office,Young County,TFM,2026-01-26
Texas,Zapata County Sheriff's Office,Zapata County,JEM,2025-11-06
Texas,Zapata County Sheriff's Office,Zapata County,TFM,2025-11-06
Texas,Zavala County Sheriff's Office,Zavala Couny,JEM,2026-06-23
Texas,Zavala County Sheriff's Office,Zavala Couny,TFM,2026-06-23
Texas,Zavala County Sheriff's Office,Zavala Couny,WSO,2026-06-23
Utah,Beaver County Sheriff's Office,Beaver County,WSO,2025-07-11
Utah,Cache County Sheriff's Office,Cache County,WSO,2025-08-04
Utah,Iron County Sheriff's Office,Iron County,JEM,2026-07-07
Utah,Iron County Sheriff's Office,Iron County,TFM,2026-07-07
Utah,Kane County Sheriff's Office,Kane County,JEM,2026-06-29
Utah,Kane County Sheriff's Office,Kane County,WSO,2025-07-24
Utah,Riverton Police Department,Salt Lake County,TFM,2025-08-28
Utah,Sanpete County Sheriff's Office,Sanpete County,WSO,2025-11-20
Utah,Sevier County Sheriff's Office,Sevier County,JEM,2025-11-04
Utah,Sevier County Sheriff's Office,Sevier County,WSO,2025-11-04
Utah,Tooele County Sheriff's Office,Tooele County,TFM,2025-07-02
Utah,Utah County Sheriff's Office,Utah County,TFM,2025-07-24
Utah,Utah County Sheriff's Office,Utah County,WSO,2025-07-24
Utah,Utah Department of Corrections,#N/A,WSO,2025-05-13
Utah,Wasatch County Sheriff's Office,Wasatch County,WSO,2025-08-04
Utah,Washington County Sheriff's Office,Washington County,JEM,2025-03-21
Utah,Washington County Sheriff's Office,Washington County,TFM,2025-03-21
Utah,Weber County Sheriff's Office,Weber County,TFM,2025-07-02
Virginia,Alleghany County Sheriff's Office,Alleghany County,WSO,2025-06-03
Virginia,Amherst County Sheriff's Office,Amherst County,TFM,2025-07-29
Virginia,Appomattox County Sheriff's Office,Appomattox County,TFM,2025-05-13
Virginia,Bedford County Sheriff's Office,Bedford County,TFM,2025-03-07
Virginia,Buchanan County Sheriff's Office,Buchanan County,TFM,2025-06-11
Virginia,Buckingham County Sheriff's Office,Buckingham County,TFM,2025-05-16
Virginia,Campbell County Sheriff's Office,Campbell County,TFM,2025-05-08
Virginia,Craig County Sheriff's Office,Craig County,TFM,2025-05-16
Virginia,Franklin County Sheriff's Office,Franklin County,TFM,2025-04-23
Virginia,Frederick County Sheriff's Office,Frederick County,TFM,2025-12-08
Virginia,Gordonsville Department of Public Safety,Orange County,TFM,2026-05-17
Virginia,Grayson County Sheriff's Office,Grayson County,TFM,2025-05-08
Virginia,Greene County Sheriff's Office,Greene County,TFM,2025-05-08
Virginia,Hopewell County Sheriff's Office,Hopewell County,TFM,2025-06-30
Virginia,Loudoun County Sheriff's Office,Loudoun County,WSO,2025-03-26
Virginia,Mecklenburg County Sheriff's Office,Mecklenburg County,TFM,2025-05-13
Virginia,Page County Sheriff's Office,Page County,TFM,2026-03-19
Virginia,Pittsylvania County Sheriff's Office,Pittsylvania County,JEM,2025-06-11
Virginia,Pittsylvania County Sheriff's Office,Pittsylvania County,TFM,2025-06-13
Virginia,Pittsylvania County Sheriff's Office,Pittsylvania County,WSO,2025-09-09
Virginia,"Rappahannock, Shenandoah, Warren Regional Jail Authority",#NA,WSO,2025-08-28
Virginia,Richmond County Sheriff's Office,Richmond County,TFM,2025-06-12
Virginia,Scott County Sheriff's Office,Scott County,TFM,2025-06-11
Virginia,Shenandoah County Sheriff's Office,Shenandoah County,TFM,2025-04-14
Virginia,Shenandoah Police Department,Page County,TFM,2026-06-09
Virginia,Southwest Virginia Regional Jail Authority,#N/A,WSO,2025-05-08
Virginia,Tazewell County Sheriff's Office,Tazewell County,TFM,2025-09-09
Virginia,Washington County Sheriff's Office,Washington County,TFM,2025-06-11
Virginia,Wise County Sheriff's Office,Wise County,TFM,2025-07-23
West Virginia,Ansted Police Department,Fayette County,TFM,2026-02-27
West Virginia,Berkeley County Sheriff's Office,Berkeley County,TFM,2025-08-28
West Virginia,Cabell County Sheriff's Office,Cabell County,TFM,2025-09-22
West Virginia,Capon Bridge Police Department,Hampshire County,TFM,2026-06-09
West Virginia,Clay County Sheriff's Office,Clay County,TFM,2026-02-17
West Virginia,Doddridge County Sheriff's Office,Doddridge County,TFM,2026-02-25
West Virginia,Fayette County Sheriff's Office,Fayette County,TFM,2026-01-07
West Virginia,Fayetteville Police Department,Fayette County,TFM,2026-01-07
West Virginia,Fort Gay Police Department,Wayne County,TFM,2026-02-14
West Virginia,Hampshire County Sheriff's Office,Hampshire County,TFM,2025-12-02
West Virginia,Hardy County Sheriff's Office,Hardy County,TFM,2025-12-15
West Virginia,Harrison County Sheriff's Office,Harrison County,TFM,2025-08-28
West Virginia,Hinton Police Department,Summers County,TFM,2026-01-26
West Virginia,Hurricane Police Department,Putnam County,TFM,2026-01-26
West Virginia,Jefferson County Sheriff's Office,Jefferson County,TFM,2025-08-04
West Virginia,Kanawha County Sheriff's Office,Kenawha County,TFM,2026-05-31
West Virginia,Kenova Police Department,Wayne County,TFM,2026-02-23
West Virginia,Lewis County Sheriff's Office,Lewis County,TFM,2026-01-26
West Virginia,McDowell County Sheriff's Office,McDowell County,TFM,2026-01-26
West Virginia,Mineral County Sheriff's Office,Mineral County,TFM,2025-12-08
West Virginia,Montgomery Police Department,Fayette County,TFM,2026-02-14
West Virginia,Moorefield Police Department,Hardy County,TFM,2026-01-30
West Virginia,Morgan County Sheriff's Office,Morgan County,TFM,2025-08-28
West Virginia,Nicholas County Sheriff's Office,Nicholas County,TFM,2026-01-07
West Virginia,Oak Hill Police Department,Fayette County,TFM,2025-12-18
West Virginia,Paw Paw Police Department,Morgan County,TFM,2026-02-17
West Virginia,Pleasants County Sheriff's Office,Pleasants County,TFM,2026-02-10
West Virginia,Putnam County Sheriff's Office,Putnam County,TFM,2025-11-10
West Virginia,Richwood Police Department,Nicholas County,TFM,2026-01-26
West Virginia,Shinnston Police Department,Harrison County,TFM,2026-02-18
West Virginia,Summersville Police Department,Nicholas County,TFM,2025-12-08
West Virginia,Upshur County Sheriff's Office,Upshur County,TFM,2025-12-12
West Virginia,Village of Clearview Police Department,Ohio County,TFM,2025-09-09
West Virginia,West Virginia Division of Corrections and Rehabilitation,#N/A,WSO,2025-06-05
West Virginia,West Virginia National Guard,#N/A,TFM,2025-06-11
West Virginia,West Virginia State Police Department,Washington County,TFM,2025-07-23
West Virginia,White Sulphur Springs Police Department,Greenbrier County,TFM,2026-02-10
West Virginia,Wood County Sheriff's Office,Wood County,TFM,2025-05-08
Wisconsin,Brown County Sheriff's Office,Brown County,WSO,2020-10-16
Wisconsin,Calumet County Sheriff's Office,Calumet County,WSO,2025-07-31
Wisconsin,Dunn County Sheriff's Office,Dunn County,WSO,2026-02-10
Wisconsin,Fond du Lac County Sheriff's Office,Fond du Lac County,WSO,2020-06-05
Wisconsin,Green Lake County Sheriff's Office,Green Lake County,WSO,2026-02-17
Wisconsin,Kenosha County Sheriff's Office,Kenosha County,JEM,2026-01-07
Wisconsin,Kewaunee County Sheriff's Office,Kewaunee County,JEM,2025-09-22
Wisconsin,Kewaunee County Sheriff's Office,Kewaunee County,WSO,2025-06-11
Wisconsin,Langlade County Sheriff's Office,Langlade County,WSO,2026-04-13
Wisconsin,Manitowoc County Sheriff's Office,Manitowoc County,WSO,2020-06-05
Wisconsin,Marathon County Sheriff's Office,Marathon County,JEM,2025-11-04
Wisconsin,Marquette County Sheriff's Office,Marquette County,WSO,2020-05-21
Wisconsin,Outagamie County Sheriff's Office,Outagamie County,WSO,2025-05-08
Wisconsin,Sauk County Sheriff's Office,Sauk County,JEM,2026-02-10
Wisconsin,Sauk County Sheriff's Office,Sauk County,WSO,2025-12-18
Wisconsin,Sheboygan County Sheriff's Office,Sheboygan County,WSO,2020-02-27
Wisconsin,Walworth County Sheriff's Office,Walworth County,WSO,2026-02-17
Wisconsin,Washington County Sheriff's Office,Washington County,WSO,2025-03-03
Wisconsin,Waukesha County Sheriff's Department,Waukesha County,JEM,2020-06-10
Wisconsin,Waukesha County Sheriff's Office,Waukesha County,WSO,2025-05-13
Wisconsin,Waushara County Sheriff's Office,Waushara County,WSO,2020-06-08
Wisconsin,Winnebago County Sheriff's Office,Winnebago County,WSO,2025-03-03
Wisconsin,Wood County Sheriff's Office,Wood County,WSO,2025-03-17
Wyoming,Campbell County Sheriff's Office,Campbell County,WSO,2025-02-26
Wyoming,Carbon County Sheriff's Office,Carbon County,WSO,2025-06-11
Wyoming,Crook County Sheriff's Office,Crook County,TFM,2026-01-07
Wyoming,Crook County Sheriff's Office,Crook County,WSO,2026-01-07
Wyoming,Hot Springs County Sheriff's Office,Hot Springs County,TFM,2026-05-12
Wyoming,Hot Springs County Sheriff's Office,Hot Springs County,WSO,2026-05-12
Wyoming,Laramie County Sheriff’s Office,Laramie County,JEM,2025-05-20
Wyoming,Laramie County Sheriff’s Office,Laramie County,TFM,2025-06-11
Wyoming,Laramie County Sheriff’s Office,Laramie County,WSO,2025-06-12
Wyoming,Lincoln County Sheriff's Office,Lincoln County,WSO,2025-11-04
Wyoming,Moorcroft Police Department,Crook County,TFM,2026-04-17
Wyoming,Natrona County Sheriff's Office,Natrona County,TFM,2025-05-08
Wyoming,Pine Bluffs Police Department,Laramie County,TFM,2026-04-21
Wyoming,Shoshoni Police Department,Fremont County,TFM,2026-04-19
Wyoming,Sweetwater County Sheriff's Office,Sweetwater County,JEM,2025-03-07
Wyoming,Sweetwater County Sheriff's Office,Sweetwater County,TFM,2025-04-24
Wyoming,Sweetwater County Sheriff's Office,Sweetwater County,WSO,2020-03-13
Wyoming,Wheatland Police Department,Platte County,TFM,2026-04-15
Wyoming,Wyoming State Highway Patrol,Laramie County,TFM,2025-07-24
