date,effective_on,type,title,document_number,citation,url,pdf_url,agency,scope
1994-03-02,1994-03-29,Uncategorized Document,Extension of Designation of Liberia Under Temporary Protected Status Program,94-4742,,https://www.federalregister.gov/documents/1994/03/02/94-4742/extension-of-designation-of-liberia-under-temporary-protected-status-program,,Justice Department,country
1994-03-07,,Uncategorized Document,Extension of Designation of Liberia Under Temporary Protected Status Program,X94-40307,,https://www.federalregister.gov/documents/1994/03/07/X94-40307/extension-of-designation-of-liberia-under-temporary-protected-status-program,,Justice Department,country
1994-06-07,1994-06-07,Uncategorized Document,Designation of Rwanda Under Temporary Protected Status Program,94-13796,,https://www.federalregister.gov/documents/1994/06/07/94-13796/designation-of-rwanda-under-temporary-protected-status-program,,Justice Department,country
1994-07-15,1994-08-11,Uncategorized Document,Extension of Designation of Bosnia-Hercegovina Under Temporary Protected Status Program,94-17212,,https://www.federalregister.gov/documents/1994/07/15/94-17212/extension-of-designation-of-bosnia-hercegovina-under-temporary-protected-status-program,,Justice Department,country
1994-08-23,1994-09-18,Uncategorized Document,Extension of Designation of Somalia Under Temporary Protected Status Program,94-20573,,https://www.federalregister.gov/documents/1994/08/23/94-20573/extension-of-designation-of-somalia-under-temporary-protected-status-program,,Justice Department,country
1995-03-29,1995-03-29,Notice,Extension of Designation of Liberia Under Temporary Protected Status Program,95-7678,60 FR 16163,https://www.federalregister.gov/documents/1995/03/29/95-7678/extension-of-designation-of-liberia-under-temporary-protected-status-program,https://www.govinfo.gov/content/pkg/FR-1995-03-29/pdf/95-7678.pdf,Justice Department,country
1995-05-25,1995-06-07,Notice,Extension of Designation of Rwanda Under Temporary Protected Status Program,95-12793,60 FR 27790,https://www.federalregister.gov/documents/1995/05/25/95-12793/extension-of-designation-of-rwanda-under-temporary-protected-status-program,https://www.govinfo.gov/content/pkg/FR-1995-05-25/pdf/95-12793.pdf,Justice Department,country
1995-07-31,1995-08-11,Notice,Extension of Designation of Bosnia-Hercegovina; Under Temporary Protected Status Program,95-18715,60 FR 39004,https://www.federalregister.gov/documents/1995/07/31/95-18715/extension-of-designation-of-bosnia-hercegovina-under-temporary-protected-status-program,https://www.govinfo.gov/content/pkg/FR-1995-07-31/pdf/95-18715.pdf,Justice Department,country
1996-03-01,1996-03-29,Notice,Extension of Designation of Liberia Under Temporary Protected Status Program,96-4924,61 FR 8076,https://www.federalregister.gov/documents/1996/03/01/96-4924/extension-of-designation-of-liberia-under-temporary-protected-status-program,https://www.govinfo.gov/content/pkg/FR-1996-03-01/pdf/96-4924.pdf,Justice Department,country
1996-06-10,1996-06-07,Notice,Extension of Designation of Rwanda Under Temporary Protected Status Program,96-14719,61 FR 29428,https://www.federalregister.gov/documents/1996/06/10/96-14719/extension-of-designation-of-rwanda-under-temporary-protected-status-program,https://www.govinfo.gov/content/pkg/FR-1996-06-10/pdf/96-14719.pdf,Justice Department,country
1996-07-03,,Correction,Extension of Designation of Rwanda Under Temporary Protected Status Program,X96-40703,61 FR 34927,https://www.federalregister.gov/documents/1996/07/03/X96-40703/extension-of-designation-of-rwanda-under-temporary-protected-status-program,https://www.govinfo.gov/content/pkg/FR-1996-07-03/pdf/X96-40703.pdf,Justice Department,country
1996-07-29,1996-09-18,Notice,Extension of Designation of Somalia Under Temporary Protected Status Program,96-19208,61 FR 39472,https://www.federalregister.gov/documents/1996/07/29/96-19208/extension-of-designation-of-somalia-under-temporary-protected-status-program,https://www.govinfo.gov/content/pkg/FR-1996-07-29/pdf/96-19208.pdf,Justice Department,country
1996-07-29,1996-08-11,Notice,Extension of Designation of Bosnia-Hercegovina Under Temporary Protected Status Program,96-19209,61 FR 39471,https://www.federalregister.gov/documents/1996/07/29/96-19209/extension-of-designation-of-bosnia-hercegovina-under-temporary-protected-status-program,https://www.govinfo.gov/content/pkg/FR-1996-07-29/pdf/96-19209.pdf,Justice Department,country
1996-09-10,1996-09-10,Rule,Removal of Obsolete Sections of the Regulation Concerning Temporary Protected Status for Salvadorans,96-23034,61 FR 47667,https://www.federalregister.gov/documents/1996/09/10/96-23034/removal-of-obsolete-sections-of-the-regulation-concerning-temporary-protected-status-for-salvadorans,https://www.govinfo.gov/content/pkg/FR-1996-09-10/pdf/96-23034.pdf,Justice Department,country
1997-04-07,,Notice,Extension of Designation and Redesignation of Liberia Under Temporary Protected Status Program,97-8925,62 FR 16608,https://www.federalregister.gov/documents/1997/04/07/97-8925/extension-of-designation-and-redesignation-of-liberia-under-temporary-protected-status-program,https://www.govinfo.gov/content/pkg/FR-1997-04-07/pdf/97-8925.pdf,Justice Department,country
1997-06-19,1997-06-07,Notice,Termination of Designation of Rwanda Under Temporary Protected Status Program After Final 6-Month Extension,97-16050,62 FR 33442,https://www.federalregister.gov/documents/1997/06/19/97-16050/termination-of-designation-of-rwanda-under-temporary-protected-status-program-after-final-6-month,https://www.govinfo.gov/content/pkg/FR-1997-06-19/pdf/97-16050.pdf,Justice Department,country
1997-08-01,1997-08-11,Notice,Extension of Designation of Bosnia-Hercegovina Under Temporary Protected Status Program,97-20374,62 FR 41420,https://www.federalregister.gov/documents/1997/08/01/97-20374/extension-of-designation-of-bosnia-hercegovina-under-temporary-protected-status-program,https://www.govinfo.gov/content/pkg/FR-1997-08-01/pdf/97-20374.pdf,Justice Department,country
1997-08-01,1997-09-18,Notice,Extension of Designation of Somalia Under Temporary Protected Status Program,97-20375,62 FR 41421,https://www.federalregister.gov/documents/1997/08/01/97-20375/extension-of-designation-of-somalia-under-temporary-protected-status-program,https://www.govinfo.gov/content/pkg/FR-1997-08-01/pdf/97-20375.pdf,Justice Department,country
1997-08-28,1997-08-28,Notice,Designation of Montserrat Under Temporary Protected Status,97-23118,62 FR 45685,https://www.federalregister.gov/documents/1997/08/28/97-23118/designation-of-montserrat-under-temporary-protected-status,https://www.govinfo.gov/content/pkg/FR-1997-08-28/pdf/97-23118.pdf,Justice Department,country
1997-09-09,,Correction,Designation of Montserrat; Under Temporary Protected Status,X97-40909,62 FR 47532,https://www.federalregister.gov/documents/1997/09/09/X97-40909/designation-of-montserrat-under-temporary-protected-status,https://www.govinfo.gov/content/pkg/FR-1997-09-09/pdf/X97-40909.pdf,Justice Department,country
1997-11-04,1997-11-04,Notice,Designation of Sudan Under Temporary Protected Status,97-29077,62 FR 59737,https://www.federalregister.gov/documents/1997/11/04/97-29077/designation-of-sudan-under-temporary-protected-status,https://www.govinfo.gov/content/pkg/FR-1997-11-04/pdf/97-29077.pdf,Justice Department,country
1997-11-04,1997-11-04,Notice,Designation of Sierra Leone Under Temporary Protected Status,97-29078,62 FR 59736,https://www.federalregister.gov/documents/1997/11/04/97-29078/designation-of-sierra-leone-under-temporary-protected-status,https://www.govinfo.gov/content/pkg/FR-1997-11-04/pdf/97-29078.pdf,Justice Department,country
1997-11-04,1997-11-04,Notice,Designation of Burundi Under Temporary Protected Status,97-29079,62 FR 59735,https://www.federalregister.gov/documents/1997/11/04/97-29079/designation-of-burundi-under-temporary-protected-status,https://www.govinfo.gov/content/pkg/FR-1997-11-04/pdf/97-29079.pdf,Justice Department,country
1997-11-10,,Correction,Designation of Sudan Under Temporary Protected Status,X97-11110,62 FR 60564,https://www.federalregister.gov/documents/1997/11/10/X97-11110/designation-of-sudan-under-temporary-protected-status,https://www.govinfo.gov/content/pkg/FR-1997-11-10/pdf/X97-11110.pdf,Justice Department,country
1997-11-10,,Correction,Designation of Burundi Under Temporary Protected Status,X97-21110,62 FR 60564,https://www.federalregister.gov/documents/1997/11/10/X97-21110/designation-of-burundi-under-temporary-protected-status,https://www.govinfo.gov/content/pkg/FR-1997-11-10/pdf/X97-21110.pdf,Justice Department,country
1997-11-14,,Correction,Designation of Sierra Leone Under Temporary Protected Status,X97-21114,62 FR 61167,https://www.federalregister.gov/documents/1997/11/14/X97-21114/designation-of-sierra-leone-under-temporary-protected-status,https://www.govinfo.gov/content/pkg/FR-1997-11-14/pdf/X97-21114.pdf,Justice Department,country
1998-03-31,1998-09-28,Notice,Termination of Designation of Liberia Under Temporary Protected Status Program After Final 6-Month Extension,98-8336,63 FR 15437,https://www.federalregister.gov/documents/1998/03/31/98-8336/termination-of-designation-of-liberia-under-temporary-protected-status-program-after-final-6-month,https://www.govinfo.gov/content/pkg/FR-1998-03-31/pdf/98-8336.pdf,Justice Department,country
1998-06-09,1998-06-09,Notice,Designation of the Province of Kosovo in the Republic of Serbia in the State of the Federal Republic of Yugoslavia (Serbia-Montenegro) Under Temporary Protected Status,98-15329,63 FR 31527,https://www.federalregister.gov/documents/1998/06/09/98-15329/designation-of-the-province-of-kosovo-in-the-republic-of-serbia-in-the-state-of-the-federal-republic,https://www.govinfo.gov/content/pkg/FR-1998-06-09/pdf/98-15329.pdf,Justice Department,country
1998-08-24,1998-08-11,Notice,Extension of Designation of Bosnia-Hercegovina Under Temporary Protected Status Program,98-22580,63 FR 45092,https://www.federalregister.gov/documents/1998/08/24/98-22580/extension-of-designation-of-bosnia-hercegovina-under-temporary-protected-status-program,https://www.govinfo.gov/content/pkg/FR-1998-08-24/pdf/98-22580.pdf,Justice Department,country
1998-08-27,1998-08-28,Notice,Extension of Designation of Montserrat Under Temporary Protected Status Program,98-23035,63 FR 45864,https://www.federalregister.gov/documents/1998/08/27/98-23035/extension-of-designation-of-montserrat-under-temporary-protected-status-program,https://www.govinfo.gov/content/pkg/FR-1998-08-27/pdf/98-23035.pdf,Justice Department,country
1998-09-28,1998-09-18,Notice,Extension of Designation of Somalia Under Temporary Protected Status Program,98-25883,63 FR 51602,https://www.federalregister.gov/documents/1998/09/28/98-25883/extension-of-designation-of-somalia-under-temporary-protected-status-program,https://www.govinfo.gov/content/pkg/FR-1998-09-28/pdf/98-25883.pdf,Justice Department,country
1998-09-29,1998-09-29,Notice,Redesignation of Liberia Under Temporary Protected Status Program,98-26033,63 FR 51958,https://www.federalregister.gov/documents/1998/09/29/98-26033/redesignation-of-liberia-under-temporary-protected-status-program,https://www.govinfo.gov/content/pkg/FR-1998-09-29/pdf/98-26033.pdf,Justice Department,country
1998-11-03,1998-11-04,Notice,Extension of Designation of Sierra Leone Under Temporary Protected Status Program,98-29394,63 FR 59336,https://www.federalregister.gov/documents/1998/11/03/98-29394/extension-of-designation-of-sierra-leone-under-temporary-protected-status-program,https://www.govinfo.gov/content/pkg/FR-1998-11-03/pdf/98-29394.pdf,Justice Department,country
1998-11-03,1998-11-04,Notice,Extension of Designation of Sudan Under Temporary Protected Status Program,98-29395,63 FR 59337,https://www.federalregister.gov/documents/1998/11/03/98-29395/extension-of-designation-of-sudan-under-temporary-protected-status-program,https://www.govinfo.gov/content/pkg/FR-1998-11-03/pdf/98-29395.pdf,Justice Department,country
1998-11-03,1998-11-04,Notice,Extension of Designation of Burundi Under Temporary Protected Status Program,98-29396,63 FR 59334,https://www.federalregister.gov/documents/1998/11/03/98-29396/extension-of-designation-of-burundi-under-temporary-protected-status-program,https://www.govinfo.gov/content/pkg/FR-1998-11-03/pdf/98-29396.pdf,Justice Department,country
1998-11-16,1998-11-16,Rule,"Temporary Protected Status, Exception to Registration Deadlines",98-30480,63 FR 63593,https://www.federalregister.gov/documents/1998/11/16/98-30480/temporary-protected-status-exception-to-registration-deadlines,https://www.govinfo.gov/content/pkg/FR-1998-11-16/pdf/98-30480.pdf,Justice Department,program_wide
1998-12-08,,Correction,"Temporary Protected Status, Exception to Registration Deadlines",X98-31208,63 FR 67724,https://www.federalregister.gov/documents/1998/12/08/X98-31208/temporary-protected-status-exception-to-registration-deadlines,https://www.govinfo.gov/content/pkg/FR-1998-12-08/pdf/X98-31208.pdf,Justice Department,program_wide
1999-01-05,1999-01-05,Notice,Designation of Nicaragua Under Temporary Protected Status,98-34848,64 FR 526,https://www.federalregister.gov/documents/1999/01/05/98-34848/designation-of-nicaragua-under-temporary-protected-status,https://www.govinfo.gov/content/pkg/FR-1999-01-05/pdf/98-34848.pdf,Justice Department,country
1999-01-05,1999-01-05,Notice,Designation of Honduras Under Temporary Protected Status,98-34849,64 FR 524,https://www.federalregister.gov/documents/1999/01/05/98-34849/designation-of-honduras-under-temporary-protected-status,https://www.govinfo.gov/content/pkg/FR-1999-01-05/pdf/98-34849.pdf,Justice Department,country
1999-02-01,,Rule,"Temporary Protected Status: Amendments to the Requirements for Employment Authorization Fee, and Other Technical Amendments",99-2334,64 FR 4780,https://www.federalregister.gov/documents/1999/02/01/99-2334/temporary-protected-status-amendments-to-the-requirements-for-employment-authorization-fee-and-other,https://www.govinfo.gov/content/pkg/FR-1999-02-01/pdf/99-2334.pdf,Justice Department,program_wide
1999-03-11,1999-03-11,Notice,Designation of Guinea-Bissau Under Temporary Protected Status,99-6055,64 FR 12181,https://www.federalregister.gov/documents/1999/03/11/99-6055/designation-of-guinea-bissau-under-temporary-protected-status,https://www.govinfo.gov/content/pkg/FR-1999-03-11/pdf/99-6055.pdf,Justice Department,country
1999-04-01,1999-04-01,Notice,Designation of Nicaragua Under Temporary Protected Status; Correction,99-7966,64 FR 15817,https://www.federalregister.gov/documents/1999/04/01/99-7966/designation-of-nicaragua-under-temporary-protected-status-correction,https://www.govinfo.gov/content/pkg/FR-1999-04-01/pdf/99-7966.pdf,Justice Department,country
1999-06-08,,Notice,Extension and Redesignation of the Province of Kosovo in the Republic of Serbia in the State of the Federal Republic of Yugoslavia (Serbia-Montenegro) Under Temporary Protected Status,99-14507,64 FR 30542,https://www.federalregister.gov/documents/1999/06/08/99-14507/extension-and-redesignation-of-the-province-of-kosovo-in-the-republic-of-serbia-in-the-state-of-the,https://www.govinfo.gov/content/pkg/FR-1999-06-08/pdf/99-14507.pdf,Justice Department,country
1999-06-21,,Correction,Extension and Redesignation of the Province of Kosovo in the Republic of Serbia in the State of the Federal Republic of Yugoslavia (Serbia-Montenegro) Under Temporary Protected Status,C9-14507,64 FR 33139,https://www.federalregister.gov/documents/1999/06/21/C9-14507/extension-and-redesignation-of-the-province-of-kosovo-in-the-republic-of-serbia-in-the-state-of-the,https://www.govinfo.gov/content/pkg/FR-1999-06-21/pdf/C9-14507.pdf,Justice Department,country
1999-07-30,1999-09-28,Notice,Termination of Designation of Liberia Under the Temporary Protected Status Program,99-19700,64 FR 41463,https://www.federalregister.gov/documents/1999/07/30/99-19700/termination-of-designation-of-liberia-under-the-temporary-protected-status-program,https://www.govinfo.gov/content/pkg/FR-1999-07-30/pdf/99-19700.pdf,Justice Department,country
1999-08-06,1999-07-07,Notice,Extension of the Registration Period for Hondurans and Nicaraguans Under the Temporary Protected Status Program,99-20279,64 FR 42991,https://www.federalregister.gov/documents/1999/08/06/99-20279/extension-of-the-registration-period-for-hondurans-and-nicaraguans-under-the-temporary-protected,https://www.govinfo.gov/content/pkg/FR-1999-08-06/pdf/99-20279.pdf,Justice Department,country
1999-08-11,1999-08-11,Notice,Extension of Designation of Bosnia-Herzegovina Under the Temporary Protected Status Program,99-20852,64 FR 43720,https://www.federalregister.gov/documents/1999/08/11/99-20852/extension-of-designation-of-bosnia-herzegovina-under-the-temporary-protected-status-program,https://www.govinfo.gov/content/pkg/FR-1999-08-11/pdf/99-20852.pdf,Justice Department,country
1999-09-02,1999-08-28,Notice,Extension of Designation of Montserrat Under Temporary Protected Status Program,99-22837,64 FR 48190,https://www.federalregister.gov/documents/1999/09/02/99-22837/extension-of-designation-of-montserrat-under-temporary-protected-status-program,https://www.govinfo.gov/content/pkg/FR-1999-09-02/pdf/99-22837.pdf,Justice Department,country
1999-09-13,1999-09-18,Notice,Extension of Designation of Somalia Under Temporary Protected Status Program,99-23728,64 FR 49511,https://www.federalregister.gov/documents/1999/09/13/99-23728/extension-of-designation-of-somalia-under-temporary-protected-status-program,https://www.govinfo.gov/content/pkg/FR-1999-09-13/pdf/99-23728.pdf,Justice Department,country
1999-11-09,,Notice,Extension and Redesignation of Sierra Leone Under the Temporary Protected Status Program,99-29247,64 FR 61125,https://www.federalregister.gov/documents/1999/11/09/99-29247/extension-and-redesignation-of-sierra-leone-under-the-temporary-protected-status-program,https://www.govinfo.gov/content/pkg/FR-1999-11-09/pdf/99-29247.pdf,Justice Department,country
1999-11-09,,Notice,Extension and Redesignation of Burundi Under the Temporary Protected Status Program,99-29248,64 FR 61123,https://www.federalregister.gov/documents/1999/11/09/99-29248/extension-and-redesignation-of-burundi-under-the-temporary-protected-status-program,https://www.govinfo.gov/content/pkg/FR-1999-11-09/pdf/99-29248.pdf,Justice Department,country
1999-11-09,,Notice,Extension and Redesignation of Sudan Under the Temporary Protected Status Program,99-29249,64 FR 61128,https://www.federalregister.gov/documents/1999/11/09/99-29249/extension-and-redesignation-of-sudan-under-the-temporary-protected-status-program,https://www.govinfo.gov/content/pkg/FR-1999-11-09/pdf/99-29249.pdf,Justice Department,country
2000-03-20,,Notice,Six-Month Extension and Termination of Designation of Guinea- Bissau Under the Temporary Protected Status Program,00-6750,65 FR 15016,https://www.federalregister.gov/documents/2000/03/20/00-6750/six-month-extension-and-termination-of-designation-of-guinea--bissau-under-the-temporary-protected,https://www.govinfo.gov/content/pkg/FR-2000-03-20/pdf/00-6750.pdf,Justice Department,country
2000-03-29,2000-03-29,Notice,Designation of Angola Under the Temporary Protected Status Program,00-7683,65 FR 16634,https://www.federalregister.gov/documents/2000/03/29/00-7683/designation-of-angola-under-the-temporary-protected-status-program,https://www.govinfo.gov/content/pkg/FR-2000-03-29/pdf/00-7683.pdf,Justice Department,country
2000-05-11,2000-07-06,Notice,Extension of Designation of Honduras Under Temporary Protected Status Program,00-11786,65 FR 30438,https://www.federalregister.gov/documents/2000/05/11/00-11786/extension-of-designation-of-honduras-under-temporary-protected-status-program,https://www.govinfo.gov/content/pkg/FR-2000-05-11/pdf/00-11786.pdf,Justice Department,country
2000-05-11,2000-07-06,Notice,Extension of Designation of Nicaragua Under Temporary Protected Status Program,00-11787,65 FR 30440,https://www.federalregister.gov/documents/2000/05/11/00-11787/extension-of-designation-of-nicaragua-under-temporary-protected-status-program,https://www.govinfo.gov/content/pkg/FR-2000-05-11/pdf/00-11787.pdf,Justice Department,country
2000-05-23,,Notice,Termination of the Province of Kosovo in the Republic of Serbia in the State of the Federal Republic of Yugoslavia (Serbia-Montenegro) Under the Temporary Protected Status Program,00-12856,65 FR 33356,https://www.federalregister.gov/documents/2000/05/23/00-12856/termination-of-the-province-of-kosovo-in-the-republic-of-serbia-in-the-state-of-the-federal-republic,https://www.govinfo.gov/content/pkg/FR-2000-05-23/pdf/00-12856.pdf,Justice Department,country
2000-06-09,2000-07-06,Notice,Extension of Re-Registration Period and Work Authorization for Nicaraguans Under Temporary Protected Status Program,00-14533,65 FR 36721,https://www.federalregister.gov/documents/2000/06/09/00-14533/extension-of-re-registration-period-and-work-authorization-for-nicaraguans-under-temporary-protected,https://www.govinfo.gov/content/pkg/FR-2000-06-09/pdf/00-14533.pdf,Justice Department,country
2000-06-09,2000-07-06,Notice,Extension of Re-registration Period and Work Authorization for Hondurans Under Temporary Protected Status Program,00-14534,65 FR 36719,https://www.federalregister.gov/documents/2000/06/09/00-14534/extension-of-re-registration-period-and-work-authorization-for-hondurans-under-temporary-protected,https://www.govinfo.gov/content/pkg/FR-2000-06-09/pdf/00-14534.pdf,Justice Department,country
2000-08-30,,Notice,Termination of Bosnia-Herzegovina Under the Temporary Protected Status Program,00-22138,65 FR 52789,https://www.federalregister.gov/documents/2000/08/30/00-22138/termination-of-bosnia-herzegovina-under-the-temporary-protected-status-program,https://www.govinfo.gov/content/pkg/FR-2000-08-30/pdf/00-22138.pdf,Justice Department,country
2000-10-02,2000-08-28,Notice,Extension of Designation of Montserrat Under Temporary Protected Status Program,00-25250,65 FR 58806,https://www.federalregister.gov/documents/2000/10/02/00-25250/extension-of-designation-of-montserrat-under-temporary-protected-status-program,https://www.govinfo.gov/content/pkg/FR-2000-10-02/pdf/00-25250.pdf,Justice Department,country
2000-11-09,2000-11-02,Notice,Extension of Designation of Sierra Leone Under the Temporary Protected Status Program,00-28747,65 FR 67405,https://www.federalregister.gov/documents/2000/11/09/00-28747/extension-of-designation-of-sierra-leone-under-the-temporary-protected-status-program,https://www.govinfo.gov/content/pkg/FR-2000-11-09/pdf/00-28747.pdf,Justice Department,country
2000-11-09,2000-11-02,Notice,Extension of Designation of Sudan Under the Temporary Protected Status Program,00-28748,65 FR 67407,https://www.federalregister.gov/documents/2000/11/09/00-28748/extension-of-designation-of-sudan-under-the-temporary-protected-status-program,https://www.govinfo.gov/content/pkg/FR-2000-11-09/pdf/00-28748.pdf,Justice Department,country
2000-11-09,2000-11-02,Notice,Extension of Designation of Burundi Under the Temporary Protected Status Program,00-28749,65 FR 67404,https://www.federalregister.gov/documents/2000/11/09/00-28749/extension-of-designation-of-burundi-under-the-temporary-protected-status-program,https://www.govinfo.gov/content/pkg/FR-2000-11-09/pdf/00-28749.pdf,Justice Department,country
2000-11-20,2000-09-18,Notice,Extension of Designation of Somalia Under Temporary Protected Status Program,00-29546,65 FR 69789,https://www.federalregister.gov/documents/2000/11/20/00-29546/extension-of-designation-of-somalia-under-temporary-protected-status-program,https://www.govinfo.gov/content/pkg/FR-2000-11-20/pdf/00-29546.pdf,Justice Department,country
2000-12-08,,Correction,Extension of Designation of Somalia Under Temporary Protected Status Program,C0-29546,65 FR 77074,https://www.federalregister.gov/documents/2000/12/08/C0-29546/extension-of-designation-of-somalia-under-temporary-protected-status-program,https://www.govinfo.gov/content/pkg/FR-2000-12-08/pdf/C0-29546.pdf,Justice Department,country
2000-12-28,2001-01-29,Rule,"Temporary Protected Status: Amendments to the Requirements for Employment Authorization Fee, and Other Technical Amendments",00-33046,65 FR 82256,https://www.federalregister.gov/documents/2000/12/28/00-33046/temporary-protected-status-amendments-to-the-requirements-for-employment-authorization-fee-and-other,https://www.govinfo.gov/content/pkg/FR-2000-12-28/pdf/00-33046.pdf,Justice Department,program_wide
2001-01-26,2000-12-28,Rule,"Temporary Protected Status: Amendments to the Requirements for Employment Authorization Fee, and Other Technical Amendments; Delay of Effective Date",01-2412,66 FR 7863,https://www.federalregister.gov/documents/2001/01/26/01-2412/temporary-protected-status-amendments-to-the-requirements-for-employment-authorization-fee-and-other,https://www.govinfo.gov/content/pkg/FR-2001-01-26/pdf/01-2412.pdf,Justice Department,program_wide
2001-03-09,2001-03-09,Notice,Designation of El Salvador Under Temporary Protected Status Program,01-5818,66 FR 14214,https://www.federalregister.gov/documents/2001/03/09/01-5818/designation-of-el-salvador-under-temporary-protected-status-program,https://www.govinfo.gov/content/pkg/FR-2001-03-09/pdf/01-5818.pdf,Justice Department,country
2001-04-05,,Notice,Extension and Redesignation of Angola Under Temporary Protected Status Program,01-8422,66 FR 18111,https://www.federalregister.gov/documents/2001/04/05/01-8422/extension-and-redesignation-of-angola-under-temporary-protected-status-program,https://www.govinfo.gov/content/pkg/FR-2001-04-05/pdf/01-8422.pdf,Justice Department,country
2001-05-08,2001-07-05,Notice,Extension of the Designation of Honduras Under the Temporary Protected Status Program,01-11536,66 FR 23269,https://www.federalregister.gov/documents/2001/05/08/01-11536/extension-of-the-designation-of-honduras-under-the-temporary-protected-status-program,https://www.govinfo.gov/content/pkg/FR-2001-05-08/pdf/01-11536.pdf,Justice Department,country
2001-05-08,2001-07-05,Notice,Extension of the Designation of Nicaragua Under the Temporary Protected Status Program,01-11537,66 FR 23271,https://www.federalregister.gov/documents/2001/05/08/01-11537/extension-of-the-designation-of-nicaragua-under-the-temporary-protected-status-program,https://www.govinfo.gov/content/pkg/FR-2001-05-08/pdf/01-11537.pdf,Justice Department,country
2001-07-03,2001-07-03,Notice,Automatic Extension of Work Authorization for Hondurans and Nicaraguans Under Temporary Protected Status Program,01-16745,66 FR 35270,https://www.federalregister.gov/documents/2001/07/03/01-16745/automatic-extension-of-work-authorization-for-hondurans-and-nicaraguans-under-temporary-protected,https://www.govinfo.gov/content/pkg/FR-2001-07-03/pdf/01-16745.pdf,Justice Department,country
2001-08-03,2001-08-27,Notice,Extension of the Designation of Montserrat Under the Temporary Protected Status Program,01-19475,66 FR 40834,https://www.federalregister.gov/documents/2001/08/03/01-19475/extension-of-the-designation-of-montserrat-under-the-temporary-protected-status-program,https://www.govinfo.gov/content/pkg/FR-2001-08-03/pdf/01-19475.pdf,Justice Department,country
2001-08-31,2001-11-02,Notice,Extension of the Designation of Sudan Under the Temporary Protected Status Program,01-22130,66 FR 46031,https://www.federalregister.gov/documents/2001/08/31/01-22130/extension-of-the-designation-of-sudan-under-the-temporary-protected-status-program,https://www.govinfo.gov/content/pkg/FR-2001-08-31/pdf/01-22130.pdf,Justice Department,country
2001-08-31,2001-11-02,Notice,Extension of the Designation of Burundi Under the Temporary Protected Status Program,01-22131,66 FR 46027,https://www.federalregister.gov/documents/2001/08/31/01-22131/extension-of-the-designation-of-burundi-under-the-temporary-protected-status-program,https://www.govinfo.gov/content/pkg/FR-2001-08-31/pdf/01-22131.pdf,Justice Department,country
2001-08-31,2001-11-02,Notice,Extension of the Designation of Sierra Leone Under the Temporary Protected Status Program,01-22132,66 FR 46029,https://www.federalregister.gov/documents/2001/08/31/01-22132/extension-of-the-designation-of-sierra-leone-under-the-temporary-protected-status-program,https://www.govinfo.gov/content/pkg/FR-2001-08-31/pdf/01-22132.pdf,Justice Department,country
2001-09-04,2001-09-17,Notice,Extension and Redesignation of Somalia under Temporary Protected Status Program,01-22152,66 FR 46288,https://www.federalregister.gov/documents/2001/09/04/01-22152/extension-and-redesignation-of-somalia-under-temporary-protected-status-program,https://www.govinfo.gov/content/pkg/FR-2001-09-04/pdf/01-22152.pdf,Justice Department,country
2002-02-01,2002-03-29,Notice,Extension of the Designation of Angola Under Temporary Protected Status Program,02-2528,67 FR 4997,https://www.federalregister.gov/documents/2002/02/01/02-2528/extension-of-the-designation-of-angola-under-temporary-protected-status-program,https://www.govinfo.gov/content/pkg/FR-2002-02-01/pdf/02-2528.pdf,Justice Department,country
2002-05-03,2002-07-05,Notice,Extension of the Designation of Nicaragua Under the Temporary Protected Status Program,02-11129,67 FR 22454,https://www.federalregister.gov/documents/2002/05/03/02-11129/extension-of-the-designation-of-nicaragua-under-the-temporary-protected-status-program,https://www.govinfo.gov/content/pkg/FR-2002-05-03/pdf/02-11129.pdf,Justice Department,country
2002-05-03,2002-07-05,Notice,Extension of the Designation of Honduras Under the Temporary Protected Status Program,02-11130,67 FR 22451,https://www.federalregister.gov/documents/2002/05/03/02-11130/extension-of-the-designation-of-honduras-under-the-temporary-protected-status-program,https://www.govinfo.gov/content/pkg/FR-2002-05-03/pdf/02-11130.pdf,Justice Department,country
2002-05-03,2002-07-05,Notice,Automatic Extension of Employment Authorization for Hondurans and Nicaraguans Under the Temporary Protected Status Program,02-11158,67 FR 22450,https://www.federalregister.gov/documents/2002/05/03/02-11158/automatic-extension-of-employment-authorization-for-hondurans-and-nicaraguans-under-the-temporary,https://www.govinfo.gov/content/pkg/FR-2002-05-03/pdf/02-11158.pdf,Justice Department,country
2002-07-11,2002-09-09,Notice,Extension of the Designation of El Salvador Under the Temporary Protected Status Program; Automatic Extension of Employment Authorization Documentation for Salvadorans,02-17479,67 FR 46000,https://www.federalregister.gov/documents/2002/07/11/02-17479/extension-of-the-designation-of-el-salvador-under-the-temporary-protected-status-program-automatic,https://www.govinfo.gov/content/pkg/FR-2002-07-11/pdf/02-17479.pdf,Justice Department,country
2002-07-17,2002-08-27,Notice,Extension of the Designation of Montserrat Under the Temporary Protected Status Program,02-18040,67 FR 47002,https://www.federalregister.gov/documents/2002/07/17/02-18040/extension-of-the-designation-of-montserrat-under-the-temporary-protected-status-program,https://www.govinfo.gov/content/pkg/FR-2002-07-17/pdf/02-18040.pdf,Justice Department,country
2002-07-26,2002-09-17,Notice,Extension of the Designation of Somalia Under the Temporary Protected Status Program,02-18897,67 FR 48950,https://www.federalregister.gov/documents/2002/07/26/02-18897/extension-of-the-designation-of-somalia-under-the-temporary-protected-status-program,https://www.govinfo.gov/content/pkg/FR-2002-07-26/pdf/02-18897.pdf,Justice Department,country
2002-08-30,2002-11-02,Notice,Extension of the Designation of Burundi Under the Temporary Protected Status Program,02-22210,67 FR 55875,https://www.federalregister.gov/documents/2002/08/30/02-22210/extension-of-the-designation-of-burundi-under-the-temporary-protected-status-program,https://www.govinfo.gov/content/pkg/FR-2002-08-30/pdf/02-22210.pdf,Justice Department,country
2002-08-30,2002-11-02,Notice,Extension of the Designation of Sudan Under the Temporary Protected Status Program,02-22211,67 FR 55877,https://www.federalregister.gov/documents/2002/08/30/02-22211/extension-of-the-designation-of-sudan-under-the-temporary-protected-status-program,https://www.govinfo.gov/content/pkg/FR-2002-08-30/pdf/02-22211.pdf,Justice Department,country
2002-10-01,2002-10-01,Notice,Designation of Liberia Under the Temporary Protected Status Program,02-24992,67 FR 61664,https://www.federalregister.gov/documents/2002/10/01/02-24992/designation-of-liberia-under-the-temporary-protected-status-program,https://www.govinfo.gov/content/pkg/FR-2002-10-01/pdf/02-24992.pdf,Justice Department,country
2002-10-31,2002-12-30,Notice,Extension of the Designation of Sierra Leone Under the Temporary Protected Status Program,02-27796,67 FR 66423,https://www.federalregister.gov/documents/2002/10/31/02-27796/extension-of-the-designation-of-sierra-leone-under-the-temporary-protected-status-program,https://www.govinfo.gov/content/pkg/FR-2002-10-31/pdf/02-27796.pdf,Justice Department,country
2003-01-27,2003-03-29,Notice,Termination of Designation of Angola Under the Temporary Protected Status Program,03-1994,68 FR 3896,https://www.federalregister.gov/documents/2003/01/27/03-1994/termination-of-designation-of-angola-under-the-temporary-protected-status-program,https://www.govinfo.gov/content/pkg/FR-2003-01-27/pdf/03-1994.pdf,Justice Department,country
2003-05-05,2003-07-05,Notice,Extension of the Designation of Honduras Under Temporary Protected Status Program; Automatic Extension of Employment Authorization Documentation for Hondurans,03-10961,68 FR 23744,https://www.federalregister.gov/documents/2003/05/05/03-10961/extension-of-the-designation-of-honduras-under-temporary-protected-status-program-automatic,https://www.govinfo.gov/content/pkg/FR-2003-05-05/pdf/03-10961.pdf,Homeland Security Department,country
2003-05-05,2003-07-05,Notice,Extension of the Designation of Nicaragua Under Temporary Protected Status Program; Automatic Extension of Employment Authorization Documentation for Nicaraguans,03-10962,68 FR 23748,https://www.federalregister.gov/documents/2003/05/05/03-10962/extension-of-the-designation-of-nicaragua-under-temporary-protected-status-program-automatic,https://www.govinfo.gov/content/pkg/FR-2003-05-05/pdf/03-10962.pdf,Homeland Security Department,country
2003-07-01,2003-08-27,Notice,Extension of the Designation of Montserrat Under Temporary Protected Status Program,03-16567,68 FR 39106,https://www.federalregister.gov/documents/2003/07/01/03-16567/extension-of-the-designation-of-montserrat-under-temporary-protected-status-program,https://www.govinfo.gov/content/pkg/FR-2003-07-01/pdf/03-16567.pdf,Homeland Security Department,country
2003-07-16,2003-09-09,Notice,Extension of the Designation of El Salvador Under Temporary Protected Status Program; Automatic Extension of Employment Authorization Documentation for El Salvador,03-17872,68 FR 42071,https://www.federalregister.gov/documents/2003/07/16/03-17872/extension-of-the-designation-of-el-salvador-under-temporary-protected-status-program-automatic,https://www.govinfo.gov/content/pkg/FR-2003-07-16/pdf/03-17872.pdf,Homeland Security Department,country
2003-07-21,2003-09-17,Notice,Extension of the Designation of Somalia Under Temporary Protected Status Program,03-18566,68 FR 43147,https://www.federalregister.gov/documents/2003/07/21/03-18566/extension-of-the-designation-of-somalia-under-temporary-protected-status-program,https://www.govinfo.gov/content/pkg/FR-2003-07-21/pdf/03-18566.pdf,Homeland Security Department,country
2003-08-06,2003-10-01,Notice,Extension of the Designation of Liberia Under the Temporary Protected Status Program,03-20172,68 FR 46648,https://www.federalregister.gov/documents/2003/08/06/03-20172/extension-of-the-designation-of-liberia-under-the-temporary-protected-status-program,https://www.govinfo.gov/content/pkg/FR-2003-08-06/pdf/03-20172.pdf,Homeland Security Department,country
2003-09-03,2004-05-03,Notice,Termination of the Designation of Sierra Leone Under the Temporary Protected Status Program; Extension of Employment Authorization Documentation,03-22488,68 FR 52407,https://www.federalregister.gov/documents/2003/09/03/03-22488/termination-of-the-designation-of-sierra-leone-under-the-temporary-protected-status-program,https://www.govinfo.gov/content/pkg/FR-2003-09-03/pdf/03-22488.pdf,Homeland Security Department,country
2003-09-03,2003-11-02,Notice,Extension of the Designation of Burundi Under Temporary Protected Status Program,03-22508,68 FR 52405,https://www.federalregister.gov/documents/2003/09/03/03-22508/extension-of-the-designation-of-burundi-under-temporary-protected-status-program,https://www.govinfo.gov/content/pkg/FR-2003-09-03/pdf/03-22508.pdf,Homeland Security Department,country
2003-09-03,2003-11-02,Notice,Extension of the Designation of Sudan Under Temporary Protected Status Program,03-22509,68 FR 52410,https://www.federalregister.gov/documents/2003/09/03/03-22509/extension-of-the-designation-of-sudan-under-temporary-protected-status-program,https://www.govinfo.gov/content/pkg/FR-2003-09-03/pdf/03-22509.pdf,Homeland Security Department,country
2004-07-06,2005-02-27,Notice,Termination of the Designation of Montserrat Under the Temporary Protected Status Program; Extension of Employment Authorization Documentation,04-15243,69 FR 40642,https://www.federalregister.gov/documents/2004/07/06/04-15243/termination-of-the-designation-of-montserrat-under-the-temporary-protected-status-program-extension,https://www.govinfo.gov/content/pkg/FR-2004-07-06/pdf/04-15243.pdf,Homeland Security Department,country
2004-08-06,2004-09-17,Notice,Extension of the Designation of Temporary Protected Status for Somalia,04-18005,69 FR 47937,https://www.federalregister.gov/documents/2004/08/06/04-18005/extension-of-the-designation-of-temporary-protected-status-for-somalia,https://www.govinfo.gov/content/pkg/FR-2004-08-06/pdf/04-18005.pdf,Homeland Security Department,country
2004-08-25,2004-10-01,Notice,Termination and Re-Designation of Liberia for Temporary Protected Status,04-19448,69 FR 52297,https://www.federalregister.gov/documents/2004/08/25/04-19448/termination-and-re-designation-of-liberia-for-temporary-protected-status,https://www.govinfo.gov/content/pkg/FR-2004-08-25/pdf/04-19448.pdf,Homeland Security Department,country
2004-10-01,2004-10-01,Notice,Termination and Re-designation of Liberia for Temporary Protected Status; Correction,04-22198,69 FR 58934,https://www.federalregister.gov/documents/2004/10/01/04-22198/termination-and-re-designation-of-liberia-for-temporary-protected-status-correction,https://www.govinfo.gov/content/pkg/FR-2004-10-01/pdf/04-22198.pdf,Homeland Security Department,country
2004-10-07,2004-11-02,Notice,Extension of the Designation of Temporary Protected Status for Burundi,04-22706,69 FR 60165,https://www.federalregister.gov/documents/2004/10/07/04-22706/extension-of-the-designation-of-temporary-protected-status-for-burundi,https://www.govinfo.gov/content/pkg/FR-2004-10-07/pdf/04-22706.pdf,Homeland Security Department,country
2004-10-07,2004-11-02,Notice,Extension and Re-designation of Temporary Protected Status for Sudan,04-22707,69 FR 60168,https://www.federalregister.gov/documents/2004/10/07/04-22707/extension-and-re-designation-of-temporary-protected-status-for-sudan,https://www.govinfo.gov/content/pkg/FR-2004-10-07/pdf/04-22707.pdf,Homeland Security Department,country
2004-11-03,2005-01-05,Notice,Extension of the Designation of Temporary Protected Status for Nicaragua; Automatic Extension of Employment Authorization Documentation for Nicaragua TPS Beneficiaries,04-24607,69 FR 64088,https://www.federalregister.gov/documents/2004/11/03/04-24607/extension-of-the-designation-of-temporary-protected-status-for-nicaragua-automatic-extension-of,https://www.govinfo.gov/content/pkg/FR-2004-11-03/pdf/04-24607.pdf,Homeland Security Department,country
2004-11-03,2005-01-05,Notice,Extension of the Designation of Temporary Protected Status for Honduras; Automatic Extension of Employment Authorization Documentation for Honduras TPS Beneficiaries,04-24608,69 FR 64084,https://www.federalregister.gov/documents/2004/11/03/04-24608/extension-of-the-designation-of-temporary-protected-status-for-honduras-automatic-extension-of,https://www.govinfo.gov/content/pkg/FR-2004-11-03/pdf/04-24608.pdf,Homeland Security Department,country
2004-11-17,2004-11-17,Notice,Extension of Nicaragua for Temporary Protected Status; Correction,04-25467,69 FR 67362,https://www.federalregister.gov/documents/2004/11/17/04-25467/extension-of-nicaragua-for-temporary-protected-status-correction,https://www.govinfo.gov/content/pkg/FR-2004-11-17/pdf/04-25467.pdf,Homeland Security Department,country
2004-11-17,2004-11-17,Notice,Extension of Honduras for Temporary Protected Status; Correction,04-25468,69 FR 67361,https://www.federalregister.gov/documents/2004/11/17/04-25468/extension-of-honduras-for-temporary-protected-status-correction,https://www.govinfo.gov/content/pkg/FR-2004-11-17/pdf/04-25468.pdf,Homeland Security Department,country
2005-01-07,2005-03-09,Notice,Extension of the Designation of Temporary Protected Status for El Salvador; Automatic Extension of Employment Authorization Documentation for El Salvador TPS Beneficiaries,05-441,70 FR 1450,https://www.federalregister.gov/documents/2005/01/07/05-441/extension-of-the-designation-of-temporary-protected-status-for-el-salvador-automatic-extension-of,https://www.govinfo.gov/content/pkg/FR-2005-01-07/pdf/05-441.pdf,Homeland Security Department,country
2005-07-07,2005-07-05,Notice,Automatic Extension of Employment Authorization Documentation for Honduran and Nicaraguan TPS Beneficiaries,05-13401,70 FR 39325,https://www.federalregister.gov/documents/2005/07/07/05-13401/automatic-extension-of-employment-authorization-documentation-for-honduran-and-nicaraguan-tps,https://www.govinfo.gov/content/pkg/FR-2005-07-07/pdf/05-13401.pdf,Homeland Security Department,country
2005-07-29,2005-09-17,Notice,Extension of the Designation of Somalia for Temporary Protected Status,05-15001,70 FR 43895,https://www.federalregister.gov/documents/2005/07/29/05-15001/extension-of-the-designation-of-somalia-for-temporary-protected-status,https://www.govinfo.gov/content/pkg/FR-2005-07-29/pdf/05-15001.pdf,Homeland Security Department,country
2005-08-16,2005-10-01,Notice,Extension of the Designation of Liberia for Temporary Protected Status,05-16308,70 FR 48176,https://www.federalregister.gov/documents/2005/08/16/05-16308/extension-of-the-designation-of-liberia-for-temporary-protected-status,https://www.govinfo.gov/content/pkg/FR-2005-08-16/pdf/05-16308.pdf,Homeland Security Department,country
2005-08-26,2005-08-26,Notice,Extension of the Designation of Liberia for Temporary Protected Status; Correction,05-16955,70 FR 50392,https://www.federalregister.gov/documents/2005/08/26/05-16955/extension-of-the-designation-of-liberia-for-temporary-protected-status-correction,https://www.govinfo.gov/content/pkg/FR-2005-08-26/pdf/05-16955.pdf,Homeland Security Department,country
2005-09-02,2005-11-02,Notice,Extension of the Designation of Sudan for Temporary Protected Status; Extension of Employment Authorization Documentation for Eligible TPS Beneficiaries,05-17578,70 FR 52429,https://www.federalregister.gov/documents/2005/09/02/05-17578/extension-of-the-designation-of-sudan-for-temporary-protected-status-extension-of-employment,https://www.govinfo.gov/content/pkg/FR-2005-09-02/pdf/05-17578.pdf,Homeland Security Department,country
2005-09-02,2005-11-02,Notice,Extension of the Designation of Burundi for Temporary Protected Status; Extension of Employment Authorization Documentation for Eligible TPS Beneficiaries,05-17579,70 FR 52425,https://www.federalregister.gov/documents/2005/09/02/05-17579/extension-of-the-designation-of-burundi-for-temporary-protected-status-extension-of-employment,https://www.govinfo.gov/content/pkg/FR-2005-09-02/pdf/05-17579.pdf,Homeland Security Department,country
2006-03-31,2006-07-05,Notice,Extension of the Designation of Temporary Protected Status for Honduras; Automatic Extension of Employment Authorization Documentation for Honduras TPS Beneficiaries,E6-4685,71 FR 16328,https://www.federalregister.gov/documents/2006/03/31/E6-4685/extension-of-the-designation-of-temporary-protected-status-for-honduras-automatic-extension-of,https://www.govinfo.gov/content/pkg/FR-2006-03-31/pdf/E6-4685.pdf,Homeland Security Department,country
2006-03-31,2006-07-05,Notice,Extension of the Designation of Temporary Protected Status for Nicaragua; Automatic Extension of Employment Authorization Documentation for Nicaragua TPS Beneficiaries,E6-4686,71 FR 16333,https://www.federalregister.gov/documents/2006/03/31/E6-4686/extension-of-the-designation-of-temporary-protected-status-for-nicaragua-automatic-extension-of,https://www.govinfo.gov/content/pkg/FR-2006-03-31/pdf/E6-4686.pdf,Homeland Security Department,country
2006-05-19,2006-05-19,Notice,Extension of the Designation of Temporary Protected Status for Nicaragua; Automatic Extension of Employment Authorization Documentation for Nicaragua TPS Beneficiaries; Correction,E6-7686,71 FR 29166,https://www.federalregister.gov/documents/2006/05/19/E6-7686/extension-of-the-designation-of-temporary-protected-status-for-nicaragua-automatic-extension-of,https://www.govinfo.gov/content/pkg/FR-2006-05-19/pdf/E6-7686.pdf,Homeland Security Department,country
2006-05-24,2006-05-24,Notice,Extension of the Designation of Temporary Protected Status for Nicaragua; Automatic Extension of Employment Authorization Documentation for Nicaragua TPS Beneficiaries; Correction,06-4842,71 FR 29971,https://www.federalregister.gov/documents/2006/05/24/06-4842/extension-of-the-designation-of-temporary-protected-status-for-nicaragua-automatic-extension-of,https://www.govinfo.gov/content/pkg/FR-2006-05-24/pdf/06-4842.pdf,Homeland Security Department,country
2006-06-15,2006-09-09,Notice,Extension of the Designation of Temporary Protected Status for El Salvador; Automatic Extension of Employment Authorization Documentation for El Salvadorian TPS Beneficiaries,06-5443,71 FR 34637,https://www.federalregister.gov/documents/2006/06/15/06-5443/extension-of-the-designation-of-temporary-protected-status-for-el-salvador-automatic-extension-of,https://www.govinfo.gov/content/pkg/FR-2006-06-15/pdf/06-5443.pdf,Homeland Security Department,country
2006-07-03,2006-06-29,Notice,Automatic Extension of Employment Authorization Documentation for El Salvadoran TPS Beneficiaries,06-5975,71 FR 37941,https://www.federalregister.gov/documents/2006/07/03/06-5975/automatic-extension-of-employment-authorization-documentation-for-el-salvadoran-tps-beneficiaries,https://www.govinfo.gov/content/pkg/FR-2006-07-03/pdf/06-5975.pdf,Homeland Security Department,country
2006-07-27,2006-09-17,Notice,Extension of the Designation of Temporary Protected Status for Somalia; Automatic Extension of Employment Authorization Documentation for Somalia TPS Beneficiaries,06-6401,71 FR 42653,https://www.federalregister.gov/documents/2006/07/27/06-6401/extension-of-the-designation-of-temporary-protected-status-for-somalia-automatic-extension-of,https://www.govinfo.gov/content/pkg/FR-2006-07-27/pdf/06-6401.pdf,Homeland Security Department,country
2006-09-14,2006-11-02,Notice,Extension of the Designation of Burundi for Temporary Protected Status; Automatic Extension of Employment Authorization Documentation for Burundi TPS Beneficiaries,E6-15227,71 FR 54300,https://www.federalregister.gov/documents/2006/09/14/E6-15227/extension-of-the-designation-of-burundi-for-temporary-protected-status-automatic-extension-of,https://www.govinfo.gov/content/pkg/FR-2006-09-14/pdf/E6-15227.pdf,Homeland Security Department,country
2006-09-20,2007-10-01,Notice,Termination of the Designation of Liberia for Temporary Protected Status; Automatic Extension of Employment Authorization Documentation for Liberia TPS Beneficiaries,06-7785,71 FR 55000,https://www.federalregister.gov/documents/2006/09/20/06-7785/termination-of-the-designation-of-liberia-for-temporary-protected-status-automatic-extension-of,https://www.govinfo.gov/content/pkg/FR-2006-09-20/pdf/06-7785.pdf,Homeland Security Department,country
2007-03-08,2007-05-03,Notice,Extension of the Designation of Sudan for Temporary Protected Status; Automatic Extension of Employment Authorization Documentation for Sudanese TPS Beneficiaries,E7-4097,72 FR 10541,https://www.federalregister.gov/documents/2007/03/08/E7-4097/extension-of-the-designation-of-sudan-for-temporary-protected-status-automatic-extension-of,https://www.govinfo.gov/content/pkg/FR-2007-03-08/pdf/E7-4097.pdf,Homeland Security Department,country
2007-05-29,2007-07-06,Notice,Extension of the Designation of Honduras for Temporary Protected Status; Automatic Extension of Employment Authorization Documentation for Honduran TPS Beneficiaries,E7-10175,72 FR 29529,https://www.federalregister.gov/documents/2007/05/29/E7-10175/extension-of-the-designation-of-honduras-for-temporary-protected-status-automatic-extension-of,https://www.govinfo.gov/content/pkg/FR-2007-05-29/pdf/E7-10175.pdf,Homeland Security Department,country
2007-05-29,2007-07-06,Notice,Extension of the Designation of Nicaragua for Temporary Protected Status; Automatic Extension of Employment Authorization Documentation for Nicaraguan TPS Beneficiaries,E7-10194,72 FR 29534,https://www.federalregister.gov/documents/2007/05/29/E7-10194/extension-of-the-designation-of-nicaragua-for-temporary-protected-status-automatic-extension-of,https://www.govinfo.gov/content/pkg/FR-2007-05-29/pdf/E7-10194.pdf,Homeland Security Department,country
2007-08-21,2007-09-10,Notice,Extension of the Designation of El Salvador for Temporary Protected Status; Automatic Extension of Employment Authorization Documentation for Salvadoran TPS Beneficiaries,E7-16092,72 FR 46649,https://www.federalregister.gov/documents/2007/08/21/E7-16092/extension-of-the-designation-of-el-salvador-for-temporary-protected-status-automatic-extension-of,https://www.govinfo.gov/content/pkg/FR-2007-08-21/pdf/E7-16092.pdf,Homeland Security Department,country
2007-10-29,2009-05-02,Notice,Termination of the Designation of Burundi for Temporary Protected Status; Automatic Extension of Employment Authorization Documentation for Burundi TPS Beneficiaries,E7-21128,72 FR 61172,https://www.federalregister.gov/documents/2007/10/29/E7-21128/termination-of-the-designation-of-burundi-for-temporary-protected-status-automatic-extension-of,https://www.govinfo.gov/content/pkg/FR-2007-10-29/pdf/E7-21128.pdf,Homeland Security Department,country
2008-03-12,2008-03-18,Notice,Extension of the Designation of Somalia for Temporary Protected Status; Automatic Extension of Employment Authorization Documentation for Somali Temporary Protected Status Beneficiaries,E8-4898,73 FR 13245,https://www.federalregister.gov/documents/2008/03/12/E8-4898/extension-of-the-designation-of-somalia-for-temporary-protected-status-automatic-extension-of,https://www.govinfo.gov/content/pkg/FR-2008-03-12/pdf/E8-4898.pdf,Homeland Security Department,country
2008-08-14,2008-11-03,Notice,Extension of the Designation of Sudan for Temporary Protected Status; Automatic Extension of Employment Authorization Documentation for Sudanese TPS Beneficiaries,E8-18826,73 FR 47606,https://www.federalregister.gov/documents/2008/08/14/E8-18826/extension-of-the-designation-of-sudan-for-temporary-protected-status-automatic-extension-of,https://www.govinfo.gov/content/pkg/FR-2008-08-14/pdf/E8-18826.pdf,Homeland Security Department,country
2008-10-01,2009-01-06,Notice,Extension of the Designation of Honduras for Temporary Protected Status,E8-22972,73 FR 57133,https://www.federalregister.gov/documents/2008/10/01/E8-22972/extension-of-the-designation-of-honduras-for-temporary-protected-status,https://www.govinfo.gov/content/pkg/FR-2008-10-01/pdf/E8-22972.pdf,Homeland Security Department,country
2008-10-01,2009-01-06,Notice,Extension of the Designation of Nicaragua for Temporary Protected Status,E8-22978,73 FR 57138,https://www.federalregister.gov/documents/2008/10/01/E8-22978/extension-of-the-designation-of-nicaragua-for-temporary-protected-status,https://www.govinfo.gov/content/pkg/FR-2008-10-01/pdf/E8-22978.pdf,Homeland Security Department,country
2008-10-01,2009-03-10,Notice,Extension of the Designation of El Salvador for Temporary Protected Status,E8-22979,73 FR 57128,https://www.federalregister.gov/documents/2008/10/01/E8-22979/extension-of-the-designation-of-el-salvador-for-temporary-protected-status,https://www.govinfo.gov/content/pkg/FR-2008-10-01/pdf/E8-22979.pdf,Homeland Security Department,country
2008-11-24,2008-11-24,Notice,Extension of the Re-Registration Period and Automatic Extension of Employment Authorization Documentation for Honduran Temporary Protected Status Beneficiaries,E8-27702,73 FR 71020,https://www.federalregister.gov/documents/2008/11/24/E8-27702/extension-of-the-re-registration-period-and-automatic-extension-of-employment-authorization,https://www.govinfo.gov/content/pkg/FR-2008-11-24/pdf/E8-27702.pdf,Homeland Security Department,country
2008-11-24,2008-11-24,Notice,Extension of the Re-Registration Period and Automatic Extension of Employment Authorization Documentation for Nicaraguan Temporary Protected Status Beneficiaries,E8-27703,73 FR 71021,https://www.federalregister.gov/documents/2008/11/24/E8-27703/extension-of-the-re-registration-period-and-automatic-extension-of-employment-authorization,https://www.govinfo.gov/content/pkg/FR-2008-11-24/pdf/E8-27703.pdf,Homeland Security Department,country
2008-12-15,2008-12-15,Notice,Automatic Extension of Employment Authorization Documentation for Salvadoran Temporary Protected Status Beneficiaries,E8-29511,73 FR 76039,https://www.federalregister.gov/documents/2008/12/15/E8-29511/automatic-extension-of-employment-authorization-documentation-for-salvadoran-temporary-protected,https://www.govinfo.gov/content/pkg/FR-2008-12-15/pdf/E8-29511.pdf,Homeland Security Department,country
2009-07-27,2009-09-18,Notice,Extension of the Designation of Somalia for Temporary Protected Status and Automatic Extension of Employment Authorization Documentation for Somalian TPS Beneficiaries,E9-17862,74 FR 37043,https://www.federalregister.gov/documents/2009/07/27/E9-17862/extension-of-the-designation-of-somalia-for-temporary-protected-status-and-automatic-extension-of,https://www.govinfo.gov/content/pkg/FR-2009-07-27/pdf/E9-17862.pdf,Homeland Security Department,country
2009-12-31,2010-05-03,Notice,Extension of the Designation of Sudan for Temporary Protected Status,E9-30831,74 FR 69355,https://www.federalregister.gov/documents/2009/12/31/E9-30831/extension-of-the-designation-of-sudan-for-temporary-protected-status,https://www.govinfo.gov/content/pkg/FR-2009-12-31/pdf/E9-30831.pdf,Homeland Security Department,country
2010-01-21,2010-01-21,Notice,Designation of Haiti for Temporary Protected Status,2010-1169,75 FR 3476,https://www.federalregister.gov/documents/2010/01/21/2010-1169/designation-of-haiti-for-temporary-protected-status,https://www.govinfo.gov/content/pkg/FR-2010-01-21/pdf/2010-1169.pdf,Homeland Security Department,country
2010-05-05,2010-07-06,Notice,Extension of the Designation of Nicaragua for Temporary Protected Status and Automatic Extension of Employment Authorization Documentation for Nicaraguan TPS Beneficiaries,2010-10619,75 FR 24737,https://www.federalregister.gov/documents/2010/05/05/2010-10619/extension-of-the-designation-of-nicaragua-for-temporary-protected-status-and-automatic-extension-of,https://www.govinfo.gov/content/pkg/FR-2010-05-05/pdf/2010-10619.pdf,Homeland Security Department,country
2010-05-05,2010-07-06,Notice,Extension of the Designation of Honduras for Temporary Protected Status and Automatic Extension of Employment Authorization Documentation for Honduran TPS Beneficiaries,2010-10620,75 FR 24734,https://www.federalregister.gov/documents/2010/05/05/2010-10620/extension-of-the-designation-of-honduras-for-temporary-protected-status-and-automatic-extension-of,https://www.govinfo.gov/content/pkg/FR-2010-05-05/pdf/2010-10620.pdf,Homeland Security Department,country
2010-07-09,2010-09-10,Notice,Extension of the Designation of El Salvador for Temporary Protected Status and Automatic Extension of Employment Authorization Documentation for Salvadoran TPS Beneficiaries,2010-16431,75 FR 39556,https://www.federalregister.gov/documents/2010/07/09/2010-16431/extension-of-the-designation-of-el-salvador-for-temporary-protected-status-and-automatic-extension,https://www.govinfo.gov/content/pkg/FR-2010-07-09/pdf/2010-16431.pdf,Homeland Security Department,country
2010-07-13,,Notice,Extension of the Initial Registration Period for Haitians Under the Temporary Protected Status Program,2010-17116,75 FR 39957,https://www.federalregister.gov/documents/2010/07/13/2010-17116/extension-of-the-initial-registration-period-for-haitians-under-the-temporary-protected-status,https://www.govinfo.gov/content/pkg/FR-2010-07-13/pdf/2010-17116.pdf,Homeland Security Department,country
2010-11-02,2011-03-18,Notice,Extension of the Designation of Somalia for Temporary Protected Status,2010-27613,75 FR 67383,https://www.federalregister.gov/documents/2010/11/02/2010-27613/extension-of-the-designation-of-somalia-for-temporary-protected-status,https://www.govinfo.gov/content/pkg/FR-2010-11-02/pdf/2010-27613.pdf,Homeland Security Department,country
2011-05-19,2011-07-23,Notice,Extension and Redesignation of Haiti for Temporary Protected Status,2011-12440,76 FR 29000,https://www.federalregister.gov/documents/2011/05/19/2011-12440/extension-and-redesignation-of-haiti-for-temporary-protected-status,https://www.govinfo.gov/content/pkg/FR-2011-05-19/pdf/2011-12440.pdf,Homeland Security Department,country
2011-05-23,2011-07-23,Notice,Re-registration Procedures for Temporary Protected Status (TPS) Beneficiaries Under the Extended TPS Designation of Haiti and Automatic Extension of Employment Authorization Documentation for Haitian TPS Beneficiaries,2011-12576,76 FR 29777,https://www.federalregister.gov/documents/2011/05/23/2011-12576/re-registration-procedures-for-temporary-protected-status-tps-beneficiaries-under-the-extended-tps,https://www.govinfo.gov/content/pkg/FR-2011-05-23/pdf/2011-12576.pdf,Homeland Security Department,country
2011-10-13,2011-11-03,Notice,Designation of Republic of South Sudan for Temporary Protected Status,2011-26537,76 FR 63629,https://www.federalregister.gov/documents/2011/10/13/2011-26537/designation-of-republic-of-south-sudan-for-temporary-protected-status,https://www.govinfo.gov/content/pkg/FR-2011-10-13/pdf/2011-26537.pdf,Homeland Security Department,country
2011-10-13,2011-11-03,Notice,Extension of the Designation of Sudan for Temporary Protected Status and Automatic Extension of Employment Authorization Documentation for Sudanese TPS Beneficiaries,2011-26538,76 FR 63635,https://www.federalregister.gov/documents/2011/10/13/2011-26538/extension-of-the-designation-of-sudan-for-temporary-protected-status-and-automatic-extension-of,https://www.govinfo.gov/content/pkg/FR-2011-10-13/pdf/2011-26538.pdf,Homeland Security Department,country
2011-11-04,2012-01-06,Notice,Extension of the Designation of Nicaragua for Temporary Protected Status and Automatic Extension of Employment Authorization Documentation for Nicaraguan TPS Beneficiaries,2011-28316,76 FR 68493,https://www.federalregister.gov/documents/2011/11/04/2011-28316/extension-of-the-designation-of-nicaragua-for-temporary-protected-status-and-automatic-extension-of,https://www.govinfo.gov/content/pkg/FR-2011-11-04/pdf/2011-28316.pdf,Homeland Security Department,country
2011-11-04,2012-01-06,Notice,Extension of the Designation of Honduras for Temporary Protected Status and Automatic Extension of Employment Authorization Documentation for Honduran TPS Beneficiaries,2011-28321,76 FR 68488,https://www.federalregister.gov/documents/2011/11/04/2011-28321/extension-of-the-designation-of-honduras-for-temporary-protected-status-and-automatic-extension-of,https://www.govinfo.gov/content/pkg/FR-2011-11-04/pdf/2011-28321.pdf,Homeland Security Department,country
2012-01-11,2012-03-10,Notice,Extension of the Designation of El Salvador for Temporary Protected Status and Automatic Extension of Employment Authorization Documentation for Salvadoran TPS Beneficiaries,2012-143,77 FR 1710,https://www.federalregister.gov/documents/2012/01/11/2012-143/extension-of-the-designation-of-el-salvador-for-temporary-protected-status-and-automatic-extension,https://www.govinfo.gov/content/pkg/FR-2012-01-11/pdf/2012-143.pdf,Homeland Security Department,country
2012-01-20,2012-03-10,Notice,Extension of the Designation of El Salvador for Temporary Protected Status and Automatic Extension of Employment Authorization Documentation for Salvadoran TPS Beneficiaries; Correction,2012-1169,77 FR 2990,https://www.federalregister.gov/documents/2012/01/20/2012-1169/extension-of-the-designation-of-el-salvador-for-temporary-protected-status-and-automatic-extension,https://www.govinfo.gov/content/pkg/FR-2012-01-20/pdf/2012-1169.pdf,Homeland Security Department,country
2012-03-29,2012-03-29,Notice,Designation of Syrian Arab Republic for Temporary Protected Status,2012-7498,77 FR 19026,https://www.federalregister.gov/documents/2012/03/29/2012-7498/designation-of-syrian-arab-republic-for-temporary-protected-status,https://www.govinfo.gov/content/pkg/FR-2012-03-29/pdf/2012-7498.pdf,Homeland Security Department,country
2012-04-03,,Notice,Designation of Syrian Arab Republic for Temporary Protected Status,C1-2012-7498,77 FR 20046,https://www.federalregister.gov/documents/2012/04/03/C1-2012-7498/designation-of-syrian-arab-republic-for-temporary-protected-status,https://www.govinfo.gov/content/pkg/FR-2012-04-03/pdf/C1-2012-7498.pdf,Homeland Security Department,country
2012-05-01,2012-09-18,Notice,Extension and Redesignation of Somalia for Temporary Protected Status,2012-10388,77 FR 25723,https://www.federalregister.gov/documents/2012/05/01/2012-10388/extension-and-redesignation-of-somalia-for-temporary-protected-status,https://www.govinfo.gov/content/pkg/FR-2012-05-01/pdf/2012-10388.pdf,Homeland Security Department,country
2012-10-01,2013-01-23,Notice,Extension of the Designation of Haiti for Temporary Protected Status,2012-23826,77 FR 59943,https://www.federalregister.gov/documents/2012/10/01/2012-23826/extension-of-the-designation-of-haiti-for-temporary-protected-status,https://www.govinfo.gov/content/pkg/FR-2012-10-01/pdf/2012-23826.pdf,Homeland Security Department,country
2012-12-28,,Notice,Extension of the Re-registration Period for Haiti Temporary Protected Status,2012-31032,77 FR 76503,https://www.federalregister.gov/documents/2012/12/28/2012-31032/extension-of-the-re-registration-period-for-haiti-temporary-protected-status,https://www.govinfo.gov/content/pkg/FR-2012-12-28/pdf/2012-31032.pdf,Homeland Security Department,country
2013-01-09,2013-05-03,Notice,Extension and Redesignation of Sudan for Temporary Protected Status,2013-00049,78 FR 1872,https://www.federalregister.gov/documents/2013/01/09/2013-00049/extension-and-redesignation-of-sudan-for-temporary-protected-status,https://www.govinfo.gov/content/pkg/FR-2013-01-09/pdf/2013-00049.pdf,Homeland Security Department,country
2013-01-09,2013-05-03,Notice,Extension and Redesignation of South Sudan for Temporary Protected Status,2013-00051,78 FR 1866,https://www.federalregister.gov/documents/2013/01/09/2013-00051/extension-and-redesignation-of-south-sudan-for-temporary-protected-status,https://www.govinfo.gov/content/pkg/FR-2013-01-09/pdf/2013-00051.pdf,Homeland Security Department,country
2013-04-03,2013-07-06,Notice,Extension of the Designation of Honduras for Temporary Protected Status,2013-07673,78 FR 20123,https://www.federalregister.gov/documents/2013/04/03/2013-07673/extension-of-the-designation-of-honduras-for-temporary-protected-status,https://www.govinfo.gov/content/pkg/FR-2013-04-03/pdf/2013-07673.pdf,Homeland Security Department,country
2013-04-03,2013-07-06,Notice,Extension of the Designation of Nicaragua for Temporary Protected Status,2013-07674,78 FR 20128,https://www.federalregister.gov/documents/2013/04/03/2013-07674/extension-of-the-designation-of-nicaragua-for-temporary-protected-status,https://www.govinfo.gov/content/pkg/FR-2013-04-03/pdf/2013-07674.pdf,Homeland Security Department,country
2013-05-30,2013-09-10,Notice,Extension of the Designation of El Salvador for Temporary Protected Status,2013-12793,78 FR 32418,https://www.federalregister.gov/documents/2013/05/30/2013-12793/extension-of-the-designation-of-el-salvador-for-temporary-protected-status,https://www.govinfo.gov/content/pkg/FR-2013-05-30/pdf/2013-12793.pdf,Homeland Security Department,country
2013-06-17,2013-10-01,Notice,Extension and Redesignation of Syria for Temporary Protected Status,2013-14101,78 FR 36223,https://www.federalregister.gov/documents/2013/06/17/2013-14101/extension-and-redesignation-of-syria-for-temporary-protected-status,https://www.govinfo.gov/content/pkg/FR-2013-06-17/pdf/2013-14101.pdf,Homeland Security Department,country
2013-11-01,2014-03-18,Notice,Extension of the Designation of Somalia for Temporary Protected Status,2013-25969,78 FR 65690,https://www.federalregister.gov/documents/2013/11/01/2013-25969/extension-of-the-designation-of-somalia-for-temporary-protected-status,https://www.govinfo.gov/content/pkg/FR-2013-11-01/pdf/2013-25969.pdf,Homeland Security Department,country
2013-11-06,,Notice,Extension of the Designation of Somalia for Temporary Protected Status,C1-2013-25969,78 FR 66756,https://www.federalregister.gov/documents/2013/11/06/C1-2013-25969/extension-of-the-designation-of-somalia-for-temporary-protected-status,https://www.govinfo.gov/content/pkg/FR-2013-11-06/pdf/C1-2013-25969.pdf,Homeland Security Department,country
2014-03-03,2014-07-23,Notice,Extension of the Designation of Haiti for Temporary Protected Status,2014-04593,79 FR 11808,https://www.federalregister.gov/documents/2014/03/03/2014-04593/extension-of-the-designation-of-haiti-for-temporary-protected-status,https://www.govinfo.gov/content/pkg/FR-2014-03-03/pdf/2014-04593.pdf,Homeland Security Department,country
2014-05-02,,Notice,Extension of the Re-registration Period for Haiti Temporary Protected Status,2014-10177,79 FR 25141,https://www.federalregister.gov/documents/2014/05/02/2014-10177/extension-of-the-re-registration-period-for-haiti-temporary-protected-status,https://www.govinfo.gov/content/pkg/FR-2014-05-02/pdf/2014-10177.pdf,Homeland Security Department,country
2014-09-02,2014-11-03,Notice,Extension of the Designation of Sudan for Temporary Protected Status,2014-20708,79 FR 52027,https://www.federalregister.gov/documents/2014/09/02/2014-20708/extension-of-the-designation-of-sudan-for-temporary-protected-status,https://www.govinfo.gov/content/pkg/FR-2014-09-02/pdf/2014-20708.pdf,Homeland Security Department,country
2014-09-02,2014-11-03,Notice,Extension and Redesignation of South Sudan for Temporary Protected Status,2014-20709,79 FR 52019,https://www.federalregister.gov/documents/2014/09/02/2014-20709/extension-and-redesignation-of-south-sudan-for-temporary-protected-status,https://www.govinfo.gov/content/pkg/FR-2014-09-02/pdf/2014-20709.pdf,Homeland Security Department,country
2014-10-16,2015-01-06,Notice,Extension of the Designation of Honduras for Temporary Protected Status,2014-24559,79 FR 62170,https://www.federalregister.gov/documents/2014/10/16/2014-24559/extension-of-the-designation-of-honduras-for-temporary-protected-status,https://www.govinfo.gov/content/pkg/FR-2014-10-16/pdf/2014-24559.pdf,Homeland Security Department,country
2014-10-16,2015-01-06,Notice,Extension of the Designation of Nicaragua for Temporary Protected Status,2014-24560,79 FR 62176,https://www.federalregister.gov/documents/2014/10/16/2014-24560/extension-of-the-designation-of-nicaragua-for-temporary-protected-status,https://www.govinfo.gov/content/pkg/FR-2014-10-16/pdf/2014-24560.pdf,Homeland Security Department,country
2014-11-21,2014-11-21,Notice,Designation of Guinea for Temporary Protected Status,2014-27770,79 FR 69511,https://www.federalregister.gov/documents/2014/11/21/2014-27770/designation-of-guinea-for-temporary-protected-status,https://www.govinfo.gov/content/pkg/FR-2014-11-21/pdf/2014-27770.pdf,Homeland Security Department,country
2014-11-21,2014-11-21,Notice,Designation of Liberia for Temporary Protected Status,2014-27772,79 FR 69502,https://www.federalregister.gov/documents/2014/11/21/2014-27772/designation-of-liberia-for-temporary-protected-status,https://www.govinfo.gov/content/pkg/FR-2014-11-21/pdf/2014-27772.pdf,Homeland Security Department,country
2014-11-21,2014-11-21,Notice,Designation of Sierra Leone for Temporary Protected Status,2014-27778,79 FR 69506,https://www.federalregister.gov/documents/2014/11/21/2014-27778/designation-of-sierra-leone-for-temporary-protected-status,https://www.govinfo.gov/content/pkg/FR-2014-11-21/pdf/2014-27778.pdf,Homeland Security Department,country
2015-01-05,2015-04-01,Notice,Extension and Redesignation of the Syrian Arab Republic for Temporary Protected Status,2014-30871,80 FR 245,https://www.federalregister.gov/documents/2015/01/05/2014-30871/extension-and-redesignation-of-the-syrian-arab-republic-for-temporary-protected-status,https://www.govinfo.gov/content/pkg/FR-2015-01-05/pdf/2014-30871.pdf,Homeland Security Department,country
2015-01-07,2015-03-10,Notice,Extension of the Designation of El Salvador for Temporary Protected Status,2015-00031,80 FR 893,https://www.federalregister.gov/documents/2015/01/07/2015-00031/extension-of-the-designation-of-el-salvador-for-temporary-protected-status,https://www.govinfo.gov/content/pkg/FR-2015-01-07/pdf/2015-00031.pdf,Homeland Security Department,country
2015-01-14,,Notice,Extension of the Designation of El Salvador for Temporary Protected Status,C1-2015-00031,80 FR 1930,https://www.federalregister.gov/documents/2015/01/14/C1-2015-00031/extension-of-the-designation-of-el-salvador-for-temporary-protected-status,https://www.govinfo.gov/content/pkg/FR-2015-01-14/pdf/C1-2015-00031.pdf,Homeland Security Department,country
2015-06-01,2015-09-18,Notice,Extension of the Designation of Somalia for Temporary Protected Status,2015-13094,80 FR 31056,https://www.federalregister.gov/documents/2015/06/01/2015-13094/extension-of-the-designation-of-somalia-for-temporary-protected-status,https://www.govinfo.gov/content/pkg/FR-2015-06-01/pdf/2015-13094.pdf,Homeland Security Department,country
2015-06-24,2015-06-24,Notice,Designation of Nepal for Temporary Protected Status,2015-15576,80 FR 36346,https://www.federalregister.gov/documents/2015/06/24/2015-15576/designation-of-nepal-for-temporary-protected-status,https://www.govinfo.gov/content/pkg/FR-2015-06-24/pdf/2015-15576.pdf,Homeland Security Department,country
2015-06-25,2014-11-21,Notice,"Extension of the Initial Registration Period for Guinea, Liberia, and Sierra Leone Temporary Protected Status",2015-15762,80 FR 36551,https://www.federalregister.gov/documents/2015/06/25/2015-15762/extension-of-the-initial-registration-period-for-guinea-liberia-and-sierra-leone-temporary-protected,https://www.govinfo.gov/content/pkg/FR-2015-06-25/pdf/2015-15762.pdf,Homeland Security Department,country
2015-08-25,2016-01-23,Notice,Extension of the Designation of Haiti for Temporary Protected Status,2015-21006,80 FR 51582,https://www.federalregister.gov/documents/2015/08/25/2015-21006/extension-of-the-designation-of-haiti-for-temporary-protected-status,https://www.govinfo.gov/content/pkg/FR-2015-08-25/pdf/2015-21006.pdf,Homeland Security Department,country
2015-09-03,2015-09-03,Notice,Designation of the Republic of Yemen for Temporary Protected Status,2015-21881,80 FR 53319,https://www.federalregister.gov/documents/2015/09/03/2015-21881/designation-of-the-republic-of-yemen-for-temporary-protected-status,https://www.govinfo.gov/content/pkg/FR-2015-09-03/pdf/2015-21881.pdf,Homeland Security Department,country
2016-01-25,2016-05-03,Notice,Extension of the Designation of Sudan for Temporary Protected Status,2016-01387,81 FR 4045,https://www.federalregister.gov/documents/2016/01/25/2016-01387/extension-of-the-designation-of-sudan-for-temporary-protected-status,https://www.govinfo.gov/content/pkg/FR-2016-01-25/pdf/2016-01387.pdf,Homeland Security Department,country
2016-01-25,2016-05-03,Notice,Extension and Redesignation of South Sudan for Temporary Protected Status,2016-01388,81 FR 4051,https://www.federalregister.gov/documents/2016/01/25/2016-01388/extension-and-redesignation-of-south-sudan-for-temporary-protected-status,https://www.govinfo.gov/content/pkg/FR-2016-01-25/pdf/2016-01388.pdf,Homeland Security Department,country
2016-03-22,2016-05-22,Notice,Extension of the Designation of Guinea for Temporary Protected Status,2016-06325,81 FR 15339,https://www.federalregister.gov/documents/2016/03/22/2016-06325/extension-of-the-designation-of-guinea-for-temporary-protected-status,https://www.govinfo.gov/content/pkg/FR-2016-03-22/pdf/2016-06325.pdf,Homeland Security Department,country
2016-03-22,2016-05-22,Notice,Extension of the Designation of Liberia for Temporary Protected Status,2016-06328,81 FR 15328,https://www.federalregister.gov/documents/2016/03/22/2016-06328/extension-of-the-designation-of-liberia-for-temporary-protected-status,https://www.govinfo.gov/content/pkg/FR-2016-03-22/pdf/2016-06328.pdf,Homeland Security Department,country
2016-03-22,2016-05-22,Notice,Extension of the Designation of Sierra Leone for Temporary Protected Status,2016-06330,81 FR 15334,https://www.federalregister.gov/documents/2016/03/22/2016-06330/extension-of-the-designation-of-sierra-leone-for-temporary-protected-status,https://www.govinfo.gov/content/pkg/FR-2016-03-22/pdf/2016-06330.pdf,Homeland Security Department,country
2016-05-16,2016-07-06,Notice,Extension of the Designation of Nicaragua for Temporary Protected Status,2016-11305,81 FR 30325,https://www.federalregister.gov/documents/2016/05/16/2016-11305/extension-of-the-designation-of-nicaragua-for-temporary-protected-status,https://www.govinfo.gov/content/pkg/FR-2016-05-16/pdf/2016-11305.pdf,Homeland Security Department,country
2016-05-16,2016-07-06,Notice,Extension of the Designation of Honduras for Temporary Protected Status,2016-11306,81 FR 30331,https://www.federalregister.gov/documents/2016/05/16/2016-11306/extension-of-the-designation-of-honduras-for-temporary-protected-status,https://www.govinfo.gov/content/pkg/FR-2016-05-16/pdf/2016-11306.pdf,Homeland Security Department,country
2016-07-08,2016-09-10,Notice,Extension of the Designation of El Salvador for Temporary Protected Status,2016-15802,81 FR 44645,https://www.federalregister.gov/documents/2016/07/08/2016-15802/extension-of-the-designation-of-el-salvador-for-temporary-protected-status,https://www.govinfo.gov/content/pkg/FR-2016-07-08/pdf/2016-15802.pdf,Homeland Security Department,country
2016-08-01,2016-10-01,Notice,Extension and Redesignation of Syria for Temporary Protected Status,2016-17933,81 FR 50533,https://www.federalregister.gov/documents/2016/08/01/2016-17933/extension-and-redesignation-of-syria-for-temporary-protected-status,https://www.govinfo.gov/content/pkg/FR-2016-08-01/pdf/2016-17933.pdf,Homeland Security Department,country
2016-09-26,2017-05-21,Notice,Six-Month Extension of Temporary Protected Status Benefits for Orderly Transition Before Termination of Guinea's Designation for Temporary Protected Status,2016-23244,81 FR 66064,https://www.federalregister.gov/documents/2016/09/26/2016-23244/six-month-extension-of-temporary-protected-status-benefits-for-orderly-transition-before-termination,https://www.govinfo.gov/content/pkg/FR-2016-09-26/pdf/2016-23244.pdf,Homeland Security Department,country
2016-09-26,2017-05-21,Notice,Six-Month Extension of Temporary Protected Status Benefits for Orderly Transition Before Termination of Sierra Leone's Designation for Temporary Protected Status,2016-23249,81 FR 66054,https://www.federalregister.gov/documents/2016/09/26/2016-23249/six-month-extension-of-temporary-protected-status-benefits-for-orderly-transition-before-termination,https://www.govinfo.gov/content/pkg/FR-2016-09-26/pdf/2016-23249.pdf,Homeland Security Department,country
2016-09-26,2017-05-21,Notice,Six-Month Extension of Temporary Protected Status Benefits for Orderly Transition Before Termination of Liberia's Designation for Temporary Protected Status,2016-23250,81 FR 66059,https://www.federalregister.gov/documents/2016/09/26/2016-23250/six-month-extension-of-temporary-protected-status-benefits-for-orderly-transition-before-termination,https://www.govinfo.gov/content/pkg/FR-2016-09-26/pdf/2016-23250.pdf,Homeland Security Department,country
2016-10-26,2016-12-25,Notice,Extension of the Designation of Nepal for Temporary Protected Status,2016-25907,81 FR 74470,https://www.federalregister.gov/documents/2016/10/26/2016-25907/extension-of-the-designation-of-nepal-for-temporary-protected-status,https://www.govinfo.gov/content/pkg/FR-2016-10-26/pdf/2016-25907.pdf,Homeland Security Department,country
2017-01-04,2017-03-04,Notice,Extension and Redesignation of the Republic of Yemen for Temporary Protected Status,2016-31003,82 FR 859,https://www.federalregister.gov/documents/2017/01/04/2016-31003/extension-and-redesignation-of-the-republic-of-yemen-for-temporary-protected-status,https://www.govinfo.gov/content/pkg/FR-2017-01-04/pdf/2016-31003.pdf,Homeland Security Department,country
2017-01-17,2017-03-18,Notice,Extension of the Designation of Somalia for Temporary Protected Status,2016-31861,82 FR 4905,https://www.federalregister.gov/documents/2017/01/17/2016-31861/extension-of-the-designation-of-somalia-for-temporary-protected-status,https://www.govinfo.gov/content/pkg/FR-2017-01-17/pdf/2016-31861.pdf,Homeland Security Department,country
2017-03-06,,Notice,Automatic Extension of Employment Authorization Documentation for Beneficiaries Under El Salvador's Designation for Temporary Protected Status,2017-04454,82 FR 12629,https://www.federalregister.gov/documents/2017/03/06/2017-04454/automatic-extension-of-employment-authorization-documentation-for-beneficiaries-under-el-salvadors,https://www.govinfo.gov/content/pkg/FR-2017-03-06/pdf/2017-04454.pdf,Homeland Security Department,country
2017-05-24,2017-07-23,Notice,Extension of the Designation of Haiti for Temporary Protected Status,2017-10749,82 FR 23830,https://www.federalregister.gov/documents/2017/05/24/2017-10749/extension-of-the-designation-of-haiti-for-temporary-protected-status,https://www.govinfo.gov/content/pkg/FR-2017-05-24/pdf/2017-10749.pdf,Homeland Security Department,country
2017-09-21,2017-11-03,Notice,Extension of South Sudan for Temporary Protected Status,2017-20174,82 FR 44205,https://www.federalregister.gov/documents/2017/09/21/2017-20174/extension-of-south-sudan-for-temporary-protected-status,https://www.govinfo.gov/content/pkg/FR-2017-09-21/pdf/2017-20174.pdf,Homeland Security Department,country
2017-10-11,2018-11-02,Notice,Termination of the Designation of Sudan for Temporary Protected Status,2017-22074,82 FR 47228,https://www.federalregister.gov/documents/2017/10/11/2017-22074/termination-of-the-designation-of-sudan-for-temporary-protected-status,https://www.govinfo.gov/content/pkg/FR-2017-10-11/pdf/2017-22074.pdf,Homeland Security Department,country
2017-12-15,2018-01-06,Notice,Extension of the Designation of Honduras for Temporary Protected Status,2017-27140,82 FR 59630,https://www.federalregister.gov/documents/2017/12/15/2017-27140/extension-of-the-designation-of-honduras-for-temporary-protected-status,https://www.govinfo.gov/content/pkg/FR-2017-12-15/pdf/2017-27140.pdf,Homeland Security Department,country
2017-12-15,2019-01-05,Notice,Termination of the Designation of Nicaragua for Temporary Protected Status,2017-27141,82 FR 59636,https://www.federalregister.gov/documents/2017/12/15/2017-27141/termination-of-the-designation-of-nicaragua-for-temporary-protected-status,https://www.govinfo.gov/content/pkg/FR-2017-12-15/pdf/2017-27141.pdf,Homeland Security Department,country
2018-01-18,2019-09-09,Notice,Termination of the Designation of El Salvador for Temporary Protected Status,2018-00885,83 FR 2654,https://www.federalregister.gov/documents/2018/01/18/2018-00885/termination-of-the-designation-of-el-salvador-for-temporary-protected-status,https://www.govinfo.gov/content/pkg/FR-2018-01-18/pdf/2018-00885.pdf,Homeland Security Department,country
2018-01-18,2019-07-22,Notice,Termination of the Designation of Haiti for Temporary Protected Status,2018-00886,83 FR 2648,https://www.federalregister.gov/documents/2018/01/18/2018-00886/termination-of-the-designation-of-haiti-for-temporary-protected-status,https://www.govinfo.gov/content/pkg/FR-2018-01-18/pdf/2018-00886.pdf,Homeland Security Department,country
2018-01-22,,Notice,Termination of the Designation of El Salvador for Temporary Protected Status,C1-2018-00885,83 FR 3014,https://www.federalregister.gov/documents/2018/01/22/C1-2018-00885/termination-of-the-designation-of-el-salvador-for-temporary-protected-status,https://www.govinfo.gov/content/pkg/FR-2018-01-22/pdf/C1-2018-00885.pdf,Homeland Security Department,country
2018-03-05,2018-04-01,Notice,Extension of the Designation of Syria for Temporary Protected Status,2018-04454,83 FR 9329,https://www.federalregister.gov/documents/2018/03/05/2018-04454/extension-of-the-designation-of-syria-for-temporary-protected-status,https://www.govinfo.gov/content/pkg/FR-2018-03-05/pdf/2018-04454.pdf,Homeland Security Department,country
2018-05-22,2019-06-24,Notice,Termination of the Designation of Nepal for Temporary Protected Status,2018-10868,83 FR 23705,https://www.federalregister.gov/documents/2018/05/22/2018-10868/termination-of-the-designation-of-nepal-for-temporary-protected-status,https://www.govinfo.gov/content/pkg/FR-2018-05-22/pdf/2018-10868.pdf,Homeland Security Department,country
2018-06-05,2020-01-05,Notice,Termination of the Designation of Honduras for Temporary Protected Status,2018-12161,83 FR 26074,https://www.federalregister.gov/documents/2018/06/05/2018-12161/termination-of-the-designation-of-honduras-for-temporary-protected-status,https://www.govinfo.gov/content/pkg/FR-2018-06-05/pdf/2018-12161.pdf,Homeland Security Department,country
2018-08-14,2018-09-04,Notice,Extension of the Designation of Yemen for Temporary Protected Status,2018-17556,83 FR 40307,https://www.federalregister.gov/documents/2018/08/14/2018-17556/extension-of-the-designation-of-yemen-for-temporary-protected-status,https://www.govinfo.gov/content/pkg/FR-2018-08-14/pdf/2018-17556.pdf,Homeland Security Department,country
2018-08-27,2018-09-18,Notice,Extension of the Designation of Somalia for Temporary Protected Status,2018-18444,83 FR 43695,https://www.federalregister.gov/documents/2018/08/27/2018-18444/extension-of-the-designation-of-somalia-for-temporary-protected-status,https://www.govinfo.gov/content/pkg/FR-2018-08-27/pdf/2018-18444.pdf,Homeland Security Department,country
2018-10-31,,Notice,"Continuation of Documentation for Beneficiaries of Temporary Protected Status Designations for Sudan, Nicaragua, Haiti, and El Salvador",2018-23892,83 FR 54764,https://www.federalregister.gov/documents/2018/10/31/2018-23892/continuation-of-documentation-for-beneficiaries-of-temporary-protected-status-designations-for-sudan,https://www.govinfo.gov/content/pkg/FR-2018-10-31/pdf/2018-23892.pdf,Homeland Security Department,country
2019-03-01,,Notice,"Continuation of Documentation for Beneficiaries of Temporary Protected Status Designations for Sudan, Nicaragua, Haiti, and El Salvador",2019-03783,84 FR 7103,https://www.federalregister.gov/documents/2019/03/01/2019-03783/continuation-of-documentation-for-beneficiaries-of-temporary-protected-status-designations-for-sudan,https://www.govinfo.gov/content/pkg/FR-2019-03-01/pdf/2019-03783.pdf,Homeland Security Department,country
2019-04-05,2019-05-03,Notice,Extension of the Designation of South Sudan for Temporary Protected Status,2019-06746,84 FR 13688,https://www.federalregister.gov/documents/2019/04/05/2019-06746/extension-of-the-designation-of-south-sudan-for-temporary-protected-status,https://www.govinfo.gov/content/pkg/FR-2019-04-05/pdf/2019-06746.pdf,Homeland Security Department,country
2019-05-10,,Notice,Continuation of Documentation for Beneficiaries of Temporary Protected Status Designations for Nepal and Honduras,2019-09635,84 FR 20647,https://www.federalregister.gov/documents/2019/05/10/2019-09635/continuation-of-documentation-for-beneficiaries-of-temporary-protected-status-designations-for-nepal,https://www.govinfo.gov/content/pkg/FR-2019-05-10/pdf/2019-09635.pdf,Homeland Security Department,country
2019-05-22,,Notice,Continuation of Documentation for Beneficiaries of Temporary Protected Status Designations for Nepal and Honduras; Correction,2019-10676,84 FR 23578,https://www.federalregister.gov/documents/2019/05/22/2019-10676/continuation-of-documentation-for-beneficiaries-of-temporary-protected-status-designations-for-nepal,https://www.govinfo.gov/content/pkg/FR-2019-05-22/pdf/2019-10676.pdf,Homeland Security Department,country
2019-09-23,2019-10-01,Notice,Extension of the Designation of Syria for Temporary Protected Status,2019-20457,84 FR 49751,https://www.federalregister.gov/documents/2019/09/23/2019-20457/extension-of-the-designation-of-syria-for-temporary-protected-status,https://www.govinfo.gov/content/pkg/FR-2019-09-23/pdf/2019-20457.pdf,Homeland Security Department,country
2019-11-04,2021-01-04,Notice,"Continuation of Documentation for Beneficiaries of Temporary Protected Status Designations for El Salvador, Haiti, Honduras, Nepal, Nicaragua, and Sudan",2019-24047,84 FR 59403,https://www.federalregister.gov/documents/2019/11/04/2019-24047/continuation-of-documentation-for-beneficiaries-of-temporary-protected-status-designations-for-el,https://www.govinfo.gov/content/pkg/FR-2019-11-04/pdf/2019-24047.pdf,Homeland Security Department,country
2020-03-02,2020-03-04,Notice,Extension of the Designation of Yemen for Temporary Protected Status,2020-04355,85 FR 12313,https://www.federalregister.gov/documents/2020/03/02/2020-04355/extension-of-the-designation-of-yemen-for-temporary-protected-status,https://www.govinfo.gov/content/pkg/FR-2020-03-02/pdf/2020-04355.pdf,Homeland Security Department,country
2020-03-11,2020-03-18,Notice,Extension of the Designation of Somalia for Temporary Protected Status,2020-04976,85 FR 14229,https://www.federalregister.gov/documents/2020/03/11/2020-04976/extension-of-the-designation-of-somalia-for-temporary-protected-status,https://www.govinfo.gov/content/pkg/FR-2020-03-11/pdf/2020-04976.pdf,Homeland Security Department,country
2020-11-02,2020-11-03,Notice,Extension of the Designation of South Sudan for Temporary Protected Status,2020-24238,85 FR 69344,https://www.federalregister.gov/documents/2020/11/02/2020-24238/extension-of-the-designation-of-south-sudan-for-temporary-protected-status,https://www.govinfo.gov/content/pkg/FR-2020-11-02/pdf/2020-24238.pdf,Homeland Security Department,country
2020-12-09,,Notice,"Continuation of Documentation for Beneficiaries of Temporary Protected Status Designations for El Salvador, Haiti, Nicaragua, Sudan, Honduras, and Nepal",2020-27154,85 FR 79208,https://www.federalregister.gov/documents/2020/12/09/2020-27154/continuation-of-documentation-for-beneficiaries-of-temporary-protected-status-designations-for-el,https://www.govinfo.gov/content/pkg/FR-2020-12-09/pdf/2020-27154.pdf,Homeland Security Department,country
2021-03-09,2021-03-09,Notice,Designation of Venezuela for Temporary Protected Status and Implementation of Employment Authorization for Venezuelans Covered by Deferred Enforced Departure,2021-04951,86 FR 13574,https://www.federalregister.gov/documents/2021/03/09/2021-04951/designation-of-venezuela-for-temporary-protected-status-and-implementation-of-employment,https://www.govinfo.gov/content/pkg/FR-2021-03-09/pdf/2021-04951.pdf,Homeland Security Department,country
2021-03-19,2021-03-31,Notice,Extension and Redesignation of Syria for Temporary Protected Status,2021-05715,86 FR 14946,https://www.federalregister.gov/documents/2021/03/19/2021-05715/extension-and-redesignation-of-syria-for-temporary-protected-status,https://www.govinfo.gov/content/pkg/FR-2021-03-19/pdf/2021-05715.pdf,Homeland Security Department,country
2021-03-24,,Notice,Designation of Venezuela for Temporary Protected Status and Implementation of Employment Authorization for Venezuelans Covered by Deferred Enforced Departure; Correction,2021-06100,86 FR 15694,https://www.federalregister.gov/documents/2021/03/24/2021-06100/designation-of-venezuela-for-temporary-protected-status-and-implementation-of-employment,https://www.govinfo.gov/content/pkg/FR-2021-03-24/pdf/2021-06100.pdf,Homeland Security Department,country
2021-05-25,2021-05-25,Notice,Designation of Burma (Myanmar) for Temporary Protected Status,2021-11075,86 FR 28132,https://www.federalregister.gov/documents/2021/05/25/2021-11075/designation-of-burma-myanmar-for-temporary-protected-status,https://www.govinfo.gov/content/pkg/FR-2021-05-25/pdf/2021-11075.pdf,Homeland Security Department,country
2021-07-09,2021-09-04,Notice,Extension and Redesignation of Yemen for Temporary Protected Status,2021-14670,86 FR 36295,https://www.federalregister.gov/documents/2021/07/09/2021-14670/extension-and-redesignation-of-yemen-for-temporary-protected-status,https://www.govinfo.gov/content/pkg/FR-2021-07-09/pdf/2021-14670.pdf,Homeland Security Department,country
2021-07-22,2021-09-18,Notice,Extension and Redesignation of Somalia for Temporary Protected Status,2021-15595,86 FR 38744,https://www.federalregister.gov/documents/2021/07/22/2021-15595/extension-and-redesignation-of-somalia-for-temporary-protected-status,https://www.govinfo.gov/content/pkg/FR-2021-07-22/pdf/2021-15595.pdf,Homeland Security Department,country
2021-08-03,2021-08-03,Notice,Designation of Haiti for Temporary Protected Status,2021-16481,86 FR 41863,https://www.federalregister.gov/documents/2021/08/03/2021-16481/designation-of-haiti-for-temporary-protected-status,https://www.govinfo.gov/content/pkg/FR-2021-08-03/pdf/2021-16481.pdf,Homeland Security Department,country
2021-08-04,,Notice,"Extension of Initial Registration Periods for New Temporary Protected Status Applicants Under the Designations for Venezuela, Syria, and Burma; Correction to the Notice on the Designation of Venezuela for Temporary Protected Status and Implementation of Employment Authorization for Venezuelans Covered by Deferred Enforced Departure",2021-16611,86 FR 41986,https://www.federalregister.gov/documents/2021/08/04/2021-16611/extension-of-initial-registration-periods-for-new-temporary-protected-status-applicants-under-the,https://www.govinfo.gov/content/pkg/FR-2021-08-04/pdf/2021-16611.pdf,Homeland Security Department,country
2021-09-10,,Notice,"Continuation of Documentation for Beneficiaries of Temporary Protected Status Designations for El Salvador, Haiti, Nicaragua, Sudan, Honduras, and Nepal",2021-19617,86 FR 50725,https://www.federalregister.gov/documents/2021/09/10/2021-19617/continuation-of-documentation-for-beneficiaries-of-temporary-protected-status-designations-for-el,https://www.govinfo.gov/content/pkg/FR-2021-09-10/pdf/2021-19617.pdf,Homeland Security Department,country
2021-09-22,,Notice,"Continuation of Documentation for Beneficiaries of Temporary Protected Status Designations for El Salvador, Haiti, Nicaragua, Sudan, Honduras, and Nepal",2021-20481,86 FR 52694,https://www.federalregister.gov/documents/2021/09/22/2021-20481/continuation-of-documentation-for-beneficiaries-of-temporary-protected-status-designations-for-el,https://www.govinfo.gov/content/pkg/FR-2021-09-22/pdf/2021-20481.pdf,Homeland Security Department,country
2022-03-03,2022-05-03,Notice,Extension and Redesignation of South Sudan for Temporary Protected Status,2022-04573,87 FR 12190,https://www.federalregister.gov/documents/2022/03/03/2022-04573/extension-and-redesignation-of-south-sudan-for-temporary-protected-status,https://www.govinfo.gov/content/pkg/FR-2022-03-03/pdf/2022-04573.pdf,Homeland Security Department,country
2022-04-19,,Notice,Designation of Sudan for Temporary Protected Status,2022-08363,87 FR 23202,https://www.federalregister.gov/documents/2022/04/19/2022-08363/designation-of-sudan-for-temporary-protected-status,https://www.govinfo.gov/content/pkg/FR-2022-04-19/pdf/2022-08363.pdf,Homeland Security Department,country
2022-04-19,2022-04-19,Notice,Designation of Ukraine for Temporary Protected Status,2022-08390,87 FR 23211,https://www.federalregister.gov/documents/2022/04/19/2022-08390/designation-of-ukraine-for-temporary-protected-status,https://www.govinfo.gov/content/pkg/FR-2022-04-19/pdf/2022-08390.pdf,Homeland Security Department,country
2022-05-10,,Notice,Extension and Redesignation of South Sudan for Temporary Protected Status-Correction,2022-10018,87 FR 28030,https://www.federalregister.gov/documents/2022/05/10/2022-10018/extension-and-redesignation-of-south-sudan-for-temporary-protected-status-correction,https://www.govinfo.gov/content/pkg/FR-2022-05-10/pdf/2022-10018.pdf,Homeland Security Department,country
2022-05-20,2022-05-20,Notice,Designation of Afghanistan for Temporary Protected Status,2022-10923,87 FR 30976,https://www.federalregister.gov/documents/2022/05/20/2022-10923/designation-of-afghanistan-for-temporary-protected-status,https://www.govinfo.gov/content/pkg/FR-2022-05-20/pdf/2022-10923.pdf,Homeland Security Department,country
2022-06-07,2022-06-07,Notice,Designation of Cameroon for Temporary Protected Status,2022-12229,87 FR 34706,https://www.federalregister.gov/documents/2022/06/07/2022-12229/designation-of-cameroon-for-temporary-protected-status,https://www.govinfo.gov/content/pkg/FR-2022-06-07/pdf/2022-12229.pdf,Homeland Security Department,country
2022-08-01,2022-10-01,Notice,Extension and Redesignation of Syria for Temporary Protected Status,2022-16508,87 FR 46982,https://www.federalregister.gov/documents/2022/08/01/2022-16508/extension-and-redesignation-of-syria-for-temporary-protected-status,https://www.govinfo.gov/content/pkg/FR-2022-08-01/pdf/2022-16508.pdf,Homeland Security Department,country
2022-08-19,,Notice,Extension and Redesignation of Syria for Temporary Protected Status-Correction,2022-17931,87 FR 51118,https://www.federalregister.gov/documents/2022/08/19/2022-17931/extension-and-redesignation-of-syria-for-temporary-protected-status-correction,https://www.govinfo.gov/content/pkg/FR-2022-08-19/pdf/2022-17931.pdf,Homeland Security Department,country
2022-09-08,2022-09-10,Notice,Extension of the Designation of Venezuela for Temporary Protected Status,2022-19527,87 FR 55024,https://www.federalregister.gov/documents/2022/09/08/2022-19527/extension-of-the-designation-of-venezuela-for-temporary-protected-status,https://www.govinfo.gov/content/pkg/FR-2022-09-08/pdf/2022-19527.pdf,Homeland Security Department,country
2022-09-27,2022-11-26,Notice,Extension and Redesignation of Burma (Myanmar) for Temporary Protected Status,2022-20784,87 FR 58515,https://www.federalregister.gov/documents/2022/09/27/2022-20784/extension-and-redesignation-of-burma-myanmar-for-temporary-protected-status,https://www.govinfo.gov/content/pkg/FR-2022-09-27/pdf/2022-20784.pdf,Homeland Security Department,country
2022-11-16,,Notice,"Continuation of Documentation for Beneficiaries of Temporary Protected Status Designations for El Salvador, Haiti, Nicaragua, Sudan, Honduras, and Nepal",2022-24984,87 FR 68717,https://www.federalregister.gov/documents/2022/11/16/2022-24984/continuation-of-documentation-for-beneficiaries-of-temporary-protected-status-designations-for-el,https://www.govinfo.gov/content/pkg/FR-2022-11-16/pdf/2022-24984.pdf,Homeland Security Department,country
2022-12-12,2022-12-12,Notice,Designation of Ethiopia for Temporary Protected Status,2022-26880,87 FR 76074,https://www.federalregister.gov/documents/2022/12/12/2022-26880/designation-of-ethiopia-for-temporary-protected-status,https://www.govinfo.gov/content/pkg/FR-2022-12-12/pdf/2022-26880.pdf,Homeland Security Department,country
2023-01-03,2023-03-04,Notice,Extension and Redesignation of Yemen for Temporary Protected Status,2022-28283,88 FR 94,https://www.federalregister.gov/documents/2023/01/03/2022-28283/extension-and-redesignation-of-yemen-for-temporary-protected-status,https://www.govinfo.gov/content/pkg/FR-2023-01-03/pdf/2022-28283.pdf,Homeland Security Department,country
2023-01-26,2023-02-04,Notice,Extension and Redesignation of Haiti for Temporary Protected Status,2023-01586,88 FR 5022,https://www.federalregister.gov/documents/2023/01/26/2023-01586/extension-and-redesignation-of-haiti-for-temporary-protected-status,https://www.govinfo.gov/content/pkg/FR-2023-01-26/pdf/2023-01586.pdf,Homeland Security Department,country
2023-03-13,2023-03-18,Notice,Extension and Redesignation of Somalia for Temporary Protected Status,2023-04735,88 FR 15434,https://www.federalregister.gov/documents/2023/03/13/2023-04735/extension-and-redesignation-of-somalia-for-temporary-protected-status,https://www.govinfo.gov/content/pkg/FR-2023-03-13/pdf/2023-04735.pdf,Homeland Security Department,country
2023-06-21,2024-01-06,Notice,Reconsideration and Rescission of Termination of the Designation of Honduras for Temporary Protected Status; Extension of the Temporary Protected Status Designation for Honduras,2023-13017,88 FR 40304,https://www.federalregister.gov/documents/2023/06/21/2023-13017/reconsideration-and-rescission-of-termination-of-the-designation-of-honduras-for-temporary-protected,https://www.govinfo.gov/content/pkg/FR-2023-06-21/pdf/2023-13017.pdf,Homeland Security Department,country
2023-06-21,2023-09-10,Notice,Reconsideration and Rescission of Termination of the Designation of El Salvador for Temporary Protected Status; Extension of the Temporary Protected Status Designation for El Salvador,2023-13018,88 FR 40282,https://www.federalregister.gov/documents/2023/06/21/2023-13018/reconsideration-and-rescission-of-termination-of-the-designation-of-el-salvador-for-temporary,https://www.govinfo.gov/content/pkg/FR-2023-06-21/pdf/2023-13018.pdf,Homeland Security Department,country
2023-06-21,2023-12-25,Notice,Reconsideration and Rescission of Termination of the Designation of Nepal for Temporary Protected Status; Extension of the Temporary Protected Status Designation for Nepal,2023-13019,88 FR 40317,https://www.federalregister.gov/documents/2023/06/21/2023-13019/reconsideration-and-rescission-of-termination-of-the-designation-of-nepal-for-temporary-protected,https://www.govinfo.gov/content/pkg/FR-2023-06-21/pdf/2023-13019.pdf,Homeland Security Department,country
2023-06-21,2023-01-06,Notice,Reconsideration and Rescission of Termination of the Designation of Nicaragua for Temporary Protected Status; Extension of the Temporary Protected Status Designation for Nicaragua,2023-13246,88 FR 40294,https://www.federalregister.gov/documents/2023/06/21/2023-13246/reconsideration-and-rescission-of-termination-of-the-designation-of-nicaragua-for-temporary,https://www.govinfo.gov/content/pkg/FR-2023-06-21/pdf/2023-13246.pdf,Homeland Security Department,country
2023-08-21,2023-10-20,Notice,Extension and Redesignation of Ukraine for Temporary Protected Status,2023-17875,88 FR 56872,https://www.federalregister.gov/documents/2023/08/21/2023-17875/extension-and-redesignation-of-ukraine-for-temporary-protected-status,https://www.govinfo.gov/content/pkg/FR-2023-08-21/pdf/2023-17875.pdf,Homeland Security Department,country
2023-08-21,2023-10-20,Notice,Extension and Redesignation of Sudan for Temporary Protected Status,2023-17877,88 FR 56864,https://www.federalregister.gov/documents/2023/08/21/2023-17877/extension-and-redesignation-of-sudan-for-temporary-protected-status,https://www.govinfo.gov/content/pkg/FR-2023-08-21/pdf/2023-17877.pdf,Homeland Security Department,country
2023-09-06,2023-11-04,Notice,Extension and Redesignation of South Sudan for Temporary Protected Status,2023-19312,88 FR 60971,https://www.federalregister.gov/documents/2023/09/06/2023-19312/extension-and-redesignation-of-south-sudan-for-temporary-protected-status,https://www.govinfo.gov/content/pkg/FR-2023-09-06/pdf/2023-19312.pdf,Homeland Security Department,country
2023-09-11,,Notice,Extension and Redesignation of South Sudan for Temporary Protected Status,C1-2023-19312,88 FR 62386,https://www.federalregister.gov/documents/2023/09/11/C1-2023-19312/extension-and-redesignation-of-south-sudan-for-temporary-protected-status,https://www.govinfo.gov/content/pkg/FR-2023-09-11/pdf/C1-2023-19312.pdf,Homeland Security Department,country
2023-09-25,2023-11-21,Notice,Extension and Redesignation of Afghanistan for Temporary Protected Status,2023-20791,88 FR 65728,https://www.federalregister.gov/documents/2023/09/25/2023-20791/extension-and-redesignation-of-afghanistan-for-temporary-protected-status,https://www.govinfo.gov/content/pkg/FR-2023-09-25/pdf/2023-20791.pdf,Homeland Security Department,country
2023-10-03,2023-10-03,Notice,Extension and Redesignation of Venezuela for Temporary Protected Status,2023-21865,88 FR 68130,https://www.federalregister.gov/documents/2023/10/03/2023-21865/extension-and-redesignation-of-venezuela-for-temporary-protected-status,https://www.govinfo.gov/content/pkg/FR-2023-10-03/pdf/2023-21865.pdf,Homeland Security Department,country
2023-10-10,2023-12-08,Notice,Extension and Redesignation of Cameroon for Temporary Protected Status,2023-22375,88 FR 69945,https://www.federalregister.gov/documents/2023/10/10/2023-22375/extension-and-redesignation-of-cameroon-for-temporary-protected-status,https://www.govinfo.gov/content/pkg/FR-2023-10-10/pdf/2023-22375.pdf,Homeland Security Department,country
2023-11-17,,Notice,Extension and Redesignation of Venezuela for Temporary Protected Status-Correction,2023-25507,88 FR 80327,https://www.federalregister.gov/documents/2023/11/17/2023-25507/extension-and-redesignation-of-venezuela-for-temporary-protected-status-correction,https://www.govinfo.gov/content/pkg/FR-2023-11-17/pdf/2023-25507.pdf,Homeland Security Department,country
2023-12-14,,Notice,"Extension of Re-Registration Periods for Extensions of the Temporary Protected Status Designations of El Salvador, Haiti, Honduras, Nepal, Nicaragua, and Sudan",2023-27342,88 FR 86665,https://www.federalregister.gov/documents/2023/12/14/2023-27342/extension-of-re-registration-periods-for-extensions-of-the-temporary-protected-status-designations,https://www.govinfo.gov/content/pkg/FR-2023-12-14/pdf/2023-27342.pdf,Homeland Security Department,country
2024-01-29,,Notice,Extension and Redesignation of Syria for Temporary Protected Status,2024-01764,89 FR 5562,https://www.federalregister.gov/documents/2024/01/29/2024-01764/extension-and-redesignation-of-syria-for-temporary-protected-status,https://www.govinfo.gov/content/pkg/FR-2024-01-29/pdf/2024-01764.pdf,Homeland Security Department,country
2024-03-25,,Notice,Extension and Redesignation of Burma (Myanmar) for Temporary Protected Status,2024-06104,89 FR 20682,https://www.federalregister.gov/documents/2024/03/25/2024-06104/extension-and-redesignation-of-burma-myanmar-for-temporary-protected-status,https://www.govinfo.gov/content/pkg/FR-2024-03-25/pdf/2024-06104.pdf,Homeland Security Department,country
2024-04-15,,Notice,Extension and Redesignation of Ethiopia for Temporary Protected Status,2024-07643,89 FR 26172,https://www.federalregister.gov/documents/2024/04/15/2024-07643/extension-and-redesignation-of-ethiopia-for-temporary-protected-status,https://www.govinfo.gov/content/pkg/FR-2024-04-15/pdf/2024-07643.pdf,Homeland Security Department,country
2024-07-01,,Notice,Extension and Redesignation of Haiti for Temporary Protected Status,2024-14247,89 FR 54484,https://www.federalregister.gov/documents/2024/07/01/2024-14247/extension-and-redesignation-of-haiti-for-temporary-protected-status,https://www.govinfo.gov/content/pkg/FR-2024-07-01/pdf/2024-14247.pdf,Homeland Security Department,country
2024-07-10,,Notice,Extension and Redesignation of Yemen for Temporary Protected Status,2024-15084,89 FR 56765,https://www.federalregister.gov/documents/2024/07/10/2024-15084/extension-and-redesignation-of-yemen-for-temporary-protected-status,https://www.govinfo.gov/content/pkg/FR-2024-07-10/pdf/2024-15084.pdf,Homeland Security Department,country
2024-07-22,,Notice,Extension and Redesignation of Somalia for Temporary Protected Status,2024-15829,89 FR 59135,https://www.federalregister.gov/documents/2024/07/22/2024-15829/extension-and-redesignation-of-somalia-for-temporary-protected-status,https://www.govinfo.gov/content/pkg/FR-2024-07-22/pdf/2024-15829.pdf,Homeland Security Department,country
2024-11-27,,Notice,Designation of Lebanon for Temporary Protected Status,2024-27788,89 FR 93641,https://www.federalregister.gov/documents/2024/11/27/2024-27788/designation-of-lebanon-for-temporary-protected-status,https://www.govinfo.gov/content/pkg/FR-2024-11-27/pdf/2024-27788.pdf,Homeland Security Department,country
2025-01-17,,Notice,Extension of the Designation of El Salvador for Temporary Protected Status,2025-00626,90 FR 5953,https://www.federalregister.gov/documents/2025/01/17/2025-00626/extension-of-the-designation-of-el-salvador-for-temporary-protected-status,https://www.govinfo.gov/content/pkg/FR-2025-01-17/pdf/2025-00626.pdf,Homeland Security Department,country
2025-01-17,,Notice,Extension of the 2023 Designation of Venezuela for Temporary Protected Status,2025-00769,90 FR 5961,https://www.federalregister.gov/documents/2025/01/17/2025-00769/extension-of-the-2023-designation-of-venezuela-for-temporary-protected-status,https://www.govinfo.gov/content/pkg/FR-2025-01-17/pdf/2025-00769.pdf,Homeland Security Department,country
2025-01-17,,Notice,Extension of the Designation of Sudan for Temporary Protected Status,2025-00770,90 FR 5944,https://www.federalregister.gov/documents/2025/01/17/2025-00770/extension-of-the-designation-of-sudan-for-temporary-protected-status,https://www.govinfo.gov/content/pkg/FR-2025-01-17/pdf/2025-00770.pdf,Homeland Security Department,country
2025-01-17,,Notice,Extension of the Designation of Ukraine for Temporary Protected Status,2025-00771,90 FR 5936,https://www.federalregister.gov/documents/2025/01/17/2025-00771/extension-of-the-designation-of-ukraine-for-temporary-protected-status,https://www.govinfo.gov/content/pkg/FR-2025-01-17/pdf/2025-00771.pdf,Homeland Security Department,country
2025-02-03,,Notice,Vacatur of 2025 Temporary Protected Status Decision for Venezuela,2025-02183,90 FR 8805,https://www.federalregister.gov/documents/2025/02/03/2025-02183/vacatur-of-2025-temporary-protected-status-decision-for-venezuela,https://www.govinfo.gov/content/pkg/FR-2025-02-03/pdf/2025-02183.pdf,Homeland Security Department,country
2025-02-05,2025-04-07,Notice,"Termination of the October 3, 2023 Designation of Venezuela for Temporary Protected Status",2025-02294,90 FR 9040,https://www.federalregister.gov/documents/2025/02/05/2025-02294/termination-of-the-october-3-2023-designation-of-venezuela-for-temporary-protected-status,https://www.govinfo.gov/content/pkg/FR-2025-02-05/pdf/2025-02294.pdf,Homeland Security Department,country
2025-02-24,2024-06-04,Notice,Partial Vacatur of 2024 Temporary Protected Status Decision for Haiti,2025-02970,90 FR 10511,https://www.federalregister.gov/documents/2025/02/24/2025-02970/partial-vacatur-of-2024-temporary-protected-status-decision-for-haiti,https://www.govinfo.gov/content/pkg/FR-2025-02-24/pdf/2025-02970.pdf,Homeland Security Department,country
2025-05-06,2025-05-04,Notice,Extension of South Sudan Designation for Temporary Protected Status,2025-07976,90 FR 19217,https://www.federalregister.gov/documents/2025/05/06/2025-07976/extension-of-south-sudan-designation-for-temporary-protected-status,https://www.govinfo.gov/content/pkg/FR-2025-05-06/pdf/2025-07976.pdf,Homeland Security Department,country
2025-05-13,2025-07-14,Notice,Termination of the Designation of Afghanistan for Temporary Protected Status,2025-08201,90 FR 20309,https://www.federalregister.gov/documents/2025/05/13/2025-08201/termination-of-the-designation-of-afghanistan-for-temporary-protected-status,https://www.govinfo.gov/content/pkg/FR-2025-05-13/pdf/2025-08201.pdf,Homeland Security Department,country
2025-06-04,2025-08-04,Notice,Termination of the Designation of Cameroon for Temporary Protected Status,2025-10236,90 FR 23697,https://www.federalregister.gov/documents/2025/06/04/2025-10236/termination-of-the-designation-of-cameroon-for-temporary-protected-status,https://www.govinfo.gov/content/pkg/FR-2025-06-04/pdf/2025-10236.pdf,Homeland Security Department,country
2025-06-06,2025-08-05,Notice,Termination of the Designation of Nepal for Temporary Protected Status,2025-10363,90 FR 24151,https://www.federalregister.gov/documents/2025/06/06/2025-10363/termination-of-the-designation-of-nepal-for-temporary-protected-status,https://www.govinfo.gov/content/pkg/FR-2025-06-06/pdf/2025-10363.pdf,Homeland Security Department,country
2025-07-01,2025-09-02,Notice,Termination of the Designation of Haiti for Temporary Protected Status,2025-12224,90 FR 28760,https://www.federalregister.gov/documents/2025/07/01/2025-12224/termination-of-the-designation-of-haiti-for-temporary-protected-status,https://www.govinfo.gov/content/pkg/FR-2025-07-01/pdf/2025-12224.pdf,Homeland Security Department,country
2025-07-08,2025-09-08,Notice,Termination of the Designation of Honduras for Temporary Protected Status,2025-12621,90 FR 30089,https://www.federalregister.gov/documents/2025/07/08/2025-12621/termination-of-the-designation-of-honduras-for-temporary-protected-status,https://www.govinfo.gov/content/pkg/FR-2025-07-08/pdf/2025-12621.pdf,Homeland Security Department,country
2025-07-08,2025-09-08,Notice,Termination of the Designation of Nicaragua for Temporary Protected Status,2025-12688,90 FR 30086,https://www.federalregister.gov/documents/2025/07/08/2025-12688/termination-of-the-designation-of-nicaragua-for-temporary-protected-status,https://www.govinfo.gov/content/pkg/FR-2025-07-08/pdf/2025-12688.pdf,Homeland Security Department,country
2025-09-08,2025-11-07,Notice,Termination of the 2021 Designation of Venezuela for Temporary Protected Status,2025-17087,90 FR 43225,https://www.federalregister.gov/documents/2025/09/08/2025-17087/termination-of-the-2021-designation-of-venezuela-for-temporary-protected-status,https://www.govinfo.gov/content/pkg/FR-2025-09-08/pdf/2025-17087.pdf,Homeland Security Department,country
2025-09-22,2025-11-21,Notice,Termination of the Designation of Syria for Temporary Protected Status,2025-18322,90 FR 45398,https://www.federalregister.gov/documents/2025/09/22/2025-18322/termination-of-the-designation-of-syria-for-temporary-protected-status,https://www.govinfo.gov/content/pkg/FR-2025-09-22/pdf/2025-18322.pdf,Homeland Security Department,country
2025-11-06,2026-01-05,Notice,Termination of the Designation of South Sudan for Temporary Protected Status,2025-19800,90 FR 50484,https://www.federalregister.gov/documents/2025/11/06/2025-19800/termination-of-the-designation-of-south-sudan-for-temporary-protected-status,https://www.govinfo.gov/content/pkg/FR-2025-11-06/pdf/2025-19800.pdf,Homeland Security Department,country
2025-11-25,2026-01-26,Notice,Termination of the Designation of Burma (Myanmar) for Temporary Protected Status,2025-21069,90 FR 53378,https://www.federalregister.gov/documents/2025/11/25/2025-21069/termination-of-the-designation-of-burma-myanmar-for-temporary-protected-status,https://www.govinfo.gov/content/pkg/FR-2025-11-25/pdf/2025-21069.pdf,Homeland Security Department,country
2025-11-28,2026-02-03,Notice,Termination of the Designation of Haiti for Temporary Protected Status,2025-21379,90 FR 54733,https://www.federalregister.gov/documents/2025/11/28/2025-21379/termination-of-the-designation-of-haiti-for-temporary-protected-status,https://www.govinfo.gov/content/pkg/FR-2025-11-28/pdf/2025-21379.pdf,Homeland Security Department,country
2025-12-15,2026-02-13,Notice,Termination of the Designation of Ethiopia for Temporary Protected Status,2025-22746,90 FR 58028,https://www.federalregister.gov/documents/2025/12/15/2025-22746/termination-of-the-designation-of-ethiopia-for-temporary-protected-status,https://www.govinfo.gov/content/pkg/FR-2025-12-15/pdf/2025-22746.pdf,Homeland Security Department,country
2026-01-14,2026-03-17,Notice,Termination of the Designation of Somalia for Temporary Protected Status,2026-00596,91 FR 1547,https://www.federalregister.gov/documents/2026/01/14/2026-00596/termination-of-the-designation-of-somalia-for-temporary-protected-status,https://www.govinfo.gov/content/pkg/FR-2026-01-14/pdf/2026-00596.pdf,Homeland Security Department,country
2026-03-03,2026-05-04,Notice,Termination of the Designation of Yemen for Temporary Protected Status,2026-04179,91 FR 10402,https://www.federalregister.gov/documents/2026/03/03/2026-04179/termination-of-the-designation-of-yemen-for-temporary-protected-status,https://www.govinfo.gov/content/pkg/FR-2026-03-03/pdf/2026-04179.pdf,Homeland Security Department,country
2026-05-29,2026-05-28,Notice,Extension of Lebanon Designation for Temporary Protected Status,2026-10704,91 FR 32069,https://www.federalregister.gov/documents/2026/05/29/2026-10704/extension-of-lebanon-designation-for-temporary-protected-status,https://www.govinfo.gov/content/pkg/FR-2026-05-29/pdf/2026-10704.pdf,Homeland Security Department,country
